Code,Name,Longitude,Latitude,Logger,Date,CHL_QA_AVG,NTU_QA_AVG
WHI1,Double Cone Island,148.7217,-20.1049,352,1/07/2020,0.647,1.32
WHI1,Double Cone Island,148.7217,-20.1049,352,2/07/2020,0.524,1.223
WHI1,Double Cone Island,148.7217,-20.1049,352,3/07/2020,0.547,1.463
WHI1,Double Cone Island,148.7217,-20.1049,352,4/07/2020,0.564,1.528
WHI1,Double Cone Island,148.7217,-20.1049,352,5/07/2020,0.612,2.267
WHI1,Double Cone Island,148.7217,-20.1049,352,6/07/2020,0.694,2.397
WHI1,Double Cone Island,148.7217,-20.1049,352,7/07/2020,0.719,2.548
WHI1,Double Cone Island,148.7217,-20.1049,352,8/07/2020,0.739,2.138
WHI1,Double Cone Island,148.7217,-20.1049,352,9/07/2020,0.712,1.613
WHI1,Double Cone Island,148.7217,-20.1049,352,10/07/2020,0.596,1.392
WHI1,Double Cone Island,148.7217,-20.1049,352,11/07/2020,0.567,1.343
WHI1,Double Cone Island,148.7217,-20.1049,352,12/07/2020,0.497,1.323
WHI1,Double Cone Island,148.7217,-20.1049,352,13/07/2020,0.545,1.496
WHI1,Double Cone Island,148.7217,-20.1049,352,14/07/2020,0.506,1.707
WHI1,Double Cone Island,148.7217,-20.1049,352,15/07/2020,0.49,1.351
WHI1,Double Cone Island,148.7217,-20.1049,352,16/07/2020,0.517,1.537
WHI1,Double Cone Island,148.7217,-20.1049,352,17/07/2020,0.512,1.539
WHI1,Double Cone Island,148.7217,-20.1049,352,18/07/2020,0.497,1.573
WHI1,Double Cone Island,148.7217,-20.1049,352,19/07/2020,0.452,1.598
WHI1,Double Cone Island,148.7217,-20.1049,352,20/07/2020,0.413,1.605
WHI1,Double Cone Island,148.7217,-20.1049,352,21/07/2020,0.571,1.977
WHI1,Double Cone Island,148.7217,-20.1049,352,22/07/2020,0.64,2.403
WHI1,Double Cone Island,148.7217,-20.1049,352,23/07/2020,0.689,2.244
WHI1,Double Cone Island,148.7217,-20.1049,352,24/07/2020,0.774,2.191
WHI1,Double Cone Island,148.7217,-20.1049,352,25/07/2020,0.687,1.637
WHI1,Double Cone Island,148.7217,-20.1049,352,26/07/2020,0.665,1.28
WHI1,Double Cone Island,148.7217,-20.1049,352,27/07/2020,0.715,1.228
WHI1,Double Cone Island,148.7217,-20.1049,352,28/07/2020,0.556,0.819
WHI1,Double Cone Island,148.7217,-20.1049,352,29/07/2020,0.472,0.802
WHI1,Double Cone Island,148.7217,-20.1049,352,30/07/2020,0.513,1.278
WHI1,Double Cone Island,148.7217,-20.1049,352,31/07/2020,0.483,0.91
WHI1,Double Cone Island,148.7217,-20.1049,352,1/08/2020,0.488,1.4
WHI1,Double Cone Island,148.7217,-20.1049,352,2/08/2020,0.515,1.556
WHI1,Double Cone Island,148.7217,-20.1049,352,3/08/2020,0.601,1.182
WHI1,Double Cone Island,148.7217,-20.1049,352,4/08/2020,0.543,0.964
WHI1,Double Cone Island,148.7217,-20.1049,352,5/08/2020,0.464,0.856
WHI1,Double Cone Island,148.7217,-20.1049,352,6/08/2020,0.494,0.965
WHI1,Double Cone Island,148.7217,-20.1049,352,7/08/2020,0.556,0.786
WHI1,Double Cone Island,148.7217,-20.1049,352,8/08/2020,0.593,0.755
WHI1,Double Cone Island,148.7217,-20.1049,352,9/08/2020,0.533,0.63
WHI1,Double Cone Island,148.7217,-20.1049,352,10/08/2020,0.496,0.656
WHI1,Double Cone Island,148.7217,-20.1049,352,11/08/2020,0.448,0.492
WHI1,Double Cone Island,148.7217,-20.1049,352,12/08/2020,0.426,0.488
WHI1,Double Cone Island,148.7217,-20.1049,352,13/08/2020,0.444,0.502
WHI1,Double Cone Island,148.7217,-20.1049,352,14/08/2020,0.41,0.5
WHI1,Double Cone Island,148.7217,-20.1049,352,15/08/2020,0.363,0.471
WHI1,Double Cone Island,148.7217,-20.1049,352,16/08/2020,0.357,0.514
WHI1,Double Cone Island,148.7217,-20.1049,352,17/08/2020,0.343,0.575
WHI1,Double Cone Island,148.7217,-20.1049,352,18/08/2020,0.369,0.779
WHI1,Double Cone Island,148.7217,-20.1049,352,19/08/2020,0.415,1
WHI1,Double Cone Island,148.7217,-20.1049,352,20/08/2020,0.469,1.126
WHI1,Double Cone Island,148.7217,-20.1049,352,21/08/2020,0.513,1.141
WHI1,Double Cone Island,148.7217,-20.1049,352,22/08/2020,0.486,1.013
WHI1,Double Cone Island,148.7217,-20.1049,352,23/08/2020,0.456,1.167
WHI1,Double Cone Island,148.7217,-20.1049,352,24/08/2020,0.412,0.673
WHI1,Double Cone Island,148.7217,-20.1049,352,25/08/2020,0.37,0.584
WHI1,Double Cone Island,148.7217,-20.1049,352,26/08/2020,0.371,0.984
WHI1,Double Cone Island,148.7217,-20.1049,352,27/08/2020,0.358,0.854
WHI1,Double Cone Island,148.7217,-20.1049,352,28/08/2020,0.362,1.2
WHI1,Double Cone Island,148.7217,-20.1049,352,29/08/2020,0.393,1.493
WHI1,Double Cone Island,148.7217,-20.1049,352,30/08/2020,0.454,0.988
WHI1,Double Cone Island,148.7217,-20.1049,352,31/08/2020,0.465,0.859
WHI1,Double Cone Island,148.7217,-20.1049,352,1/09/2020,0.435,0.891
WHI1,Double Cone Island,148.7217,-20.1049,352,2/09/2020,0.464,0.981
WHI1,Double Cone Island,148.7217,-20.1049,352,3/09/2020,0.466,0.958
WHI1,Double Cone Island,148.7217,-20.1049,352,4/09/2020,0.453,0.954
WHI1,Double Cone Island,148.7217,-20.1049,352,5/09/2020,0.445,0.853
WHI1,Double Cone Island,148.7217,-20.1049,352,6/09/2020,0.408,0.739
WHI1,Double Cone Island,148.7217,-20.1049,352,7/09/2020,0.41,0.824
WHI1,Double Cone Island,148.7217,-20.1049,352,8/09/2020,0.438,1.328
WHI1,Double Cone Island,148.7217,-20.1049,352,9/09/2020,0.405,0.809
WHI1,Double Cone Island,148.7217,-20.1049,352,10/09/2020,0.396,0.505
WHI1,Double Cone Island,148.7217,-20.1049,352,11/09/2020,0.375,0.59
WHI1,Double Cone Island,148.7217,-20.1049,352,12/09/2020,0.476,1.089
WHI1,Double Cone Island,148.7217,-20.1049,352,13/09/2020,0.738,1.266
WHI1,Double Cone Island,148.7217,-20.1049,352,14/09/2020,0.618,0.841
WHI1,Double Cone Island,148.7217,-20.1049,352,15/09/2020,0.457,0.864
WHI1,Double Cone Island,148.7217,-20.1049,352,16/09/2020,0.535,1.265
WHI1,Double Cone Island,148.7217,-20.1049,352,17/09/2020,0.61,1.64
WHI1,Double Cone Island,148.7217,-20.1049,352,18/09/2020,0.64,1.876
WHI1,Double Cone Island,148.7217,-20.1049,352,19/09/2020,0.645,1.84
WHI1,Double Cone Island,148.7217,-20.1049,352,20/09/2020,0.593,1.509
WHI1,Double Cone Island,148.7217,-20.1049,352,21/09/2020,0.487,0.97
WHI1,Double Cone Island,148.7217,-20.1049,352,22/09/2020,0.615,1.072
WHI1,Double Cone Island,148.7217,-20.1049,352,23/09/2020,0.664,1.139
WHI1,Double Cone Island,148.7217,-20.1049,352,24/09/2020,0.663,0.994
WHI1,Double Cone Island,148.7217,-20.1049,352,25/09/2020,0.598,0.874
WHI1,Double Cone Island,148.7217,-20.1049,352,26/09/2020,0.506,0.743
WHI1,Double Cone Island,148.7217,-20.1049,352,27/09/2020,0.442,0.658
WHI1,Double Cone Island,148.7217,-20.1049,352,28/09/2020,0.419,0.664
WHI1,Double Cone Island,148.7217,-20.1049,352,29/09/2020,0.451,0.805
WHI1,Double Cone Island,148.7217,-20.1049,352,30/09/2020,0.445,0.726
WHI1,Double Cone Island,148.7217,-20.1049,352,1/10/2020,0.396,0.585
WHI1,Double Cone Island,148.7217,-20.1049,352,2/10/2020,0.418,0.71
WHI1,Double Cone Island,148.7217,-20.1049,352,3/10/2020,0.47,1.005
WHI1,Double Cone Island,148.7217,-20.1049,352,4/10/2020,0.492,0.873
WHI1,Double Cone Island,148.7217,-20.1049,352,5/10/2020,0.513,0.732
WHI1,Double Cone Island,148.7217,-20.1049,352,6/10/2020,0.499,0.633
WHI1,Double Cone Island,148.7217,-20.1049,352,7/10/2020,0.459,0.591
WHI1,Double Cone Island,148.7217,-20.1049,352,8/10/2020,0.479,0.662
WHI1,Double Cone Island,148.7217,-20.1049,352,9/10/2020,0.489,0.814
WHI1,Double Cone Island,148.7217,-20.1049,828,9/10/2020,0.291,0.926
WHI1,Double Cone Island,148.7217,-20.1049,828,10/10/2020,0.21,0.965
WHI1,Double Cone Island,148.7217,-20.1049,828,11/10/2020,0.173,0.827
WHI1,Double Cone Island,148.7217,-20.1049,828,12/10/2020,0.193,0.959
WHI1,Double Cone Island,148.7217,-20.1049,828,13/10/2020,0.181,1.001
WHI1,Double Cone Island,148.7217,-20.1049,828,14/10/2020,0.201,1.279
WHI1,Double Cone Island,148.7217,-20.1049,828,15/10/2020,0.272,1.978
WHI1,Double Cone Island,148.7217,-20.1049,828,16/10/2020,0.329,1.994
WHI1,Double Cone Island,148.7217,-20.1049,828,17/10/2020,0.393,2.258
WHI1,Double Cone Island,148.7217,-20.1049,828,18/10/2020,0.387,2.305
WHI1,Double Cone Island,148.7217,-20.1049,828,19/10/2020,0.438,2.504
WHI1,Double Cone Island,148.7217,-20.1049,828,20/10/2020,0.425,2.168
WHI1,Double Cone Island,148.7217,-20.1049,828,21/10/2020,0.376,1.698
WHI1,Double Cone Island,148.7217,-20.1049,828,22/10/2020,0.414,1.545
WHI1,Double Cone Island,148.7217,-20.1049,828,23/10/2020,0.464,1.459
WHI1,Double Cone Island,148.7217,-20.1049,828,24/10/2020,0.493,1.471
WHI1,Double Cone Island,148.7217,-20.1049,828,25/10/2020,0.425,1.56
WHI1,Double Cone Island,148.7217,-20.1049,828,26/10/2020,0.331,1.58
WHI1,Double Cone Island,148.7217,-20.1049,828,27/10/2020,0.332,1.374
WHI1,Double Cone Island,148.7217,-20.1049,828,28/10/2020,0.286,1.37
WHI1,Double Cone Island,148.7217,-20.1049,828,29/10/2020,0.297,1.465
WHI1,Double Cone Island,148.7217,-20.1049,828,30/10/2020,0.334,1.452
WHI1,Double Cone Island,148.7217,-20.1049,828,31/10/2020,0.373,1.564
WHI1,Double Cone Island,148.7217,-20.1049,828,1/11/2020,0.366,1.459
WHI1,Double Cone Island,148.7217,-20.1049,828,2/11/2020,0.338,1.242
WHI1,Double Cone Island,148.7217,-20.1049,828,3/11/2020,0.35,1.772
WHI1,Double Cone Island,148.7217,-20.1049,828,4/11/2020,0.247,1.133
WHI1,Double Cone Island,148.7217,-20.1049,828,5/11/2020,0.247,0.973
WHI1,Double Cone Island,148.7217,-20.1049,828,6/11/2020,0.302,1.052
WHI1,Double Cone Island,148.7217,-20.1049,828,7/11/2020,0.287,0.876
WHI1,Double Cone Island,148.7217,-20.1049,828,8/11/2020,0.323,1.618
WHI1,Double Cone Island,148.7217,-20.1049,828,9/11/2020,0.286,1.32
WHI1,Double Cone Island,148.7217,-20.1049,828,10/11/2020,0.316,0.945
WHI1,Double Cone Island,148.7217,-20.1049,828,11/11/2020,0.294,1.004
WHI1,Double Cone Island,148.7217,-20.1049,828,12/11/2020,0.268,1.156
WHI1,Double Cone Island,148.7217,-20.1049,828,13/11/2020,0.262,1.423
WHI1,Double Cone Island,148.7217,-20.1049,828,14/11/2020,0.343,1.919
WHI1,Double Cone Island,148.7217,-20.1049,828,15/11/2020,0.424,2.412
WHI1,Double Cone Island,148.7217,-20.1049,828,16/11/2020,0.407,1.971
WHI1,Double Cone Island,148.7217,-20.1049,828,17/11/2020,0.383,1.847
WHI1,Double Cone Island,148.7217,-20.1049,828,18/11/2020,0.373,2.221
WHI1,Double Cone Island,148.7217,-20.1049,828,19/11/2020,0.348,1.572
WHI1,Double Cone Island,148.7217,-20.1049,828,20/11/2020,0.305,1.363
WHI1,Double Cone Island,148.7217,-20.1049,828,21/11/2020,0.229,1.08
WHI1,Double Cone Island,148.7217,-20.1049,828,22/11/2020,0.175,0.968
WHI1,Double Cone Island,148.7217,-20.1049,828,23/11/2020,0.148,0.851
WHI1,Double Cone Island,148.7217,-20.1049,828,24/11/2020,0.172,0.773
WHI1,Double Cone Island,148.7217,-20.1049,828,25/11/2020,0.215,2.286
WHI1,Double Cone Island,148.7217,-20.1049,828,26/11/2020,0.259,1.083
WHI1,Double Cone Island,148.7217,-20.1049,828,27/11/2020,0.215,1.14
WHI1,Double Cone Island,148.7217,-20.1049,828,28/11/2020,0.2,1.161
WHI1,Double Cone Island,148.7217,-20.1049,828,29/11/2020,0.207,1.095
WHI1,Double Cone Island,148.7217,-20.1049,828,30/11/2020,0.24,1.214
WHI1,Double Cone Island,148.7217,-20.1049,828,1/12/2020,0.252,1.428
WHI1,Double Cone Island,148.7217,-20.1049,828,2/12/2020,0.297,1.204
WHI1,Double Cone Island,148.7217,-20.1049,828,3/12/2020,0.221,1.051
WHI1,Double Cone Island,148.7217,-20.1049,828,4/12/2020,0.197,0.824
WHI1,Double Cone Island,148.7217,-20.1049,828,5/12/2020,0.264,0.838
WHI1,Double Cone Island,148.7217,-20.1049,828,6/12/2020,0.341,0.918
WHI1,Double Cone Island,148.7217,-20.1049,828,7/12/2020,0.346,1.245
WHI1,Double Cone Island,148.7217,-20.1049,828,8/12/2020,0.349,1.105
WHI1,Double Cone Island,148.7217,-20.1049,828,9/12/2020,0.356,1.205
WHI1,Double Cone Island,148.7217,-20.1049,828,10/12/2020,0.34,1.029
WHI1,Double Cone Island,148.7217,-20.1049,828,11/12/2020,0.365,1.38
WHI1,Double Cone Island,148.7217,-20.1049,828,12/12/2020,0.423,1.856
WHI1,Double Cone Island,148.7217,-20.1049,828,13/12/2020,0.48,1.58
WHI1,Double Cone Island,148.7217,-20.1049,828,14/12/2020,0.569,1.714
WHI1,Double Cone Island,148.7217,-20.1049,828,15/12/2020,0.525,1.81
WHI1,Double Cone Island,148.7217,-20.1049,828,16/12/2020,0.553,1.625
WHI1,Double Cone Island,148.7217,-20.1049,828,17/12/2020,0.544,1.347
WHI1,Double Cone Island,148.7217,-20.1049,828,18/12/2020,0.516,1.208
WHI1,Double Cone Island,148.7217,-20.1049,828,19/12/2020,0.423,1.015
WHI1,Double Cone Island,148.7217,-20.1049,828,20/12/2020,0.367,0.865
WHI1,Double Cone Island,148.7217,-20.1049,828,21/12/2020,0.435,1.036
WHI1,Double Cone Island,148.7217,-20.1049,828,22/12/2020,0.555,0.947
WHI1,Double Cone Island,148.7217,-20.1049,828,23/12/2020,0.408,0.809
WHI1,Double Cone Island,148.7217,-20.1049,828,24/12/2020,0.395,0.877
WHI1,Double Cone Island,148.7217,-20.1049,828,25/12/2020,0.333,0.88
WHI1,Double Cone Island,148.7217,-20.1049,828,26/12/2020,0.457,2.138
WHI1,Double Cone Island,148.7217,-20.1049,828,27/12/2020,0.486,1.148
WHI1,Double Cone Island,148.7217,-20.1049,828,28/12/2020,0.484,1.054
WHI1,Double Cone Island,148.7217,-20.1049,828,29/12/2020,0.441,1.033
WHI1,Double Cone Island,148.7217,-20.1049,828,30/12/2020,0.4,0.994
WHI1,Double Cone Island,148.7217,-20.1049,828,31/12/2020,0.456,1.188
WHI1,Double Cone Island,148.7217,-20.1049,828,1/01/2021,0.594,1.349
WHI1,Double Cone Island,148.7217,-20.1049,828,2/01/2021,0.739,1.425
WHI1,Double Cone Island,148.7217,-20.1049,828,3/01/2021,0.806,1.267
WHI1,Double Cone Island,148.7217,-20.1049,828,4/01/2021,0.6,1.016
WHI1,Double Cone Island,148.7217,-20.1049,828,5/01/2021,0.433,0.853
WHI1,Double Cone Island,148.7217,-20.1049,828,6/01/2021,0.522,1.038
WHI1,Double Cone Island,148.7217,-20.1049,828,7/01/2021,0.579,1.319
WHI1,Double Cone Island,148.7217,-20.1049,828,8/01/2021,0.568,1.153
WHI1,Double Cone Island,148.7217,-20.1049,828,9/01/2021,0.664,1.213
WHI1,Double Cone Island,148.7217,-20.1049,828,10/01/2021,0.801,1.854
WHI1,Double Cone Island,148.7217,-20.1049,828,11/01/2021,0.707,2.383
WHI1,Double Cone Island,148.7217,-20.1049,828,12/01/2021,0.676,2.97
WHI1,Double Cone Island,148.7217,-20.1049,828,13/01/2021,0.676,3.39
WHI1,Double Cone Island,148.7217,-20.1049,828,14/01/2021,0.711,3.446
WHI1,Double Cone Island,148.7217,-20.1049,828,15/01/2021,0.878,2.619
WHI1,Double Cone Island,148.7217,-20.1049,828,16/01/2021,1.02,1.977
WHI1,Double Cone Island,148.7217,-20.1049,828,17/01/2021,0.74,1.557
WHI1,Double Cone Island,148.7217,-20.1049,828,18/01/2021,0.608,1.098
WHI1,Double Cone Island,148.7217,-20.1049,828,19/01/2021,0.621,1.111
WHI1,Double Cone Island,148.7217,-20.1049,828,20/01/2021,0.86,1.209
WHI1,Double Cone Island,148.7217,-20.1049,828,21/01/2021,0.918,1.173
WHI1,Double Cone Island,148.7217,-20.1049,828,22/01/2021,0.712,1.168
WHI1,Double Cone Island,148.7217,-20.1049,828,23/01/2021,0.685,0.937
WHI1,Double Cone Island,148.7217,-20.1049,828,24/01/2021,0.551,0.858
WHI1,Double Cone Island,148.7217,-20.1049,828,25/01/2021,0.627,0.895
WHI1,Double Cone Island,148.7217,-20.1049,828,26/01/2021,0.546,0.851
WHI1,Double Cone Island,148.7217,-20.1049,828,27/01/2021,0.481,0.805
WHI1,Double Cone Island,148.7217,-20.1049,828,28/01/2021,0.542,0.906
WHI1,Double Cone Island,148.7217,-20.1049,828,29/01/2021,0.728,1.266
WHI1,Double Cone Island,148.7217,-20.1049,828,30/01/2021,0.779,1.323
WHI1,Double Cone Island,148.7217,-20.1049,828,31/01/2021,0.743,1.326
WHI1,Double Cone Island,148.7217,-20.1049,828,1/02/2021,0.675,1.24
WHI1,Double Cone Island,148.7217,-20.1049,828,2/02/2021,0.573,0.92
WHI1,Double Cone Island,148.7217,-20.1049,828,3/02/2021,0.548,0.791
WHI1,Double Cone Island,148.7217,-20.1049,828,4/02/2021,0.571,0.854
WHI1,Double Cone Island,148.7217,-20.1049,828,5/02/2021,0.758,2.212
WHI1,Double Cone Island,148.7217,-20.1049,828,6/02/2021,0.616,0.837
WHI1,Double Cone Island,148.7217,-20.1049,828,7/02/2021,0.693,0.905
WHI1,Double Cone Island,148.7217,-20.1049,828,8/02/2021,0.695,0.785
WHI1,Double Cone Island,148.7217,-20.1049,843,8/02/2021,0.426,1.168
WHI1,Double Cone Island,148.7217,-20.1049,843,9/02/2021,0.391,1.141
WHI1,Double Cone Island,148.7217,-20.1049,843,10/02/2021,0.443,1.577
WHI1,Double Cone Island,148.7217,-20.1049,843,11/02/2021,0.48,1.628
WHI1,Double Cone Island,148.7217,-20.1049,843,12/02/2021,0.508,1.651
WHI1,Double Cone Island,148.7217,-20.1049,843,13/02/2021,0.499,1.727
WHI1,Double Cone Island,148.7217,-20.1049,843,14/02/2021,0.548,2.092
WHI1,Double Cone Island,148.7217,-20.1049,843,15/02/2021,0.56,1.802
WHI1,Double Cone Island,148.7217,-20.1049,843,16/02/2021,0.476,1.543
WHI1,Double Cone Island,148.7217,-20.1049,843,17/02/2021,0.562,2.396
WHI1,Double Cone Island,148.7217,-20.1049,843,18/02/2021,0.682,1.809
WHI1,Double Cone Island,148.7217,-20.1049,843,19/02/2021,0.661,0.97
WHI1,Double Cone Island,148.7217,-20.1049,843,20/02/2021,0.587,0.97
WHI1,Double Cone Island,148.7217,-20.1049,843,21/02/2021,0.564,1.132
WHI1,Double Cone Island,148.7217,-20.1049,843,22/02/2021,0.627,1.311
WHI1,Double Cone Island,148.7217,-20.1049,843,23/02/2021,0.568,1.26
WHI1,Double Cone Island,148.7217,-20.1049,843,24/02/2021,0.47,1.282
WHI1,Double Cone Island,148.7217,-20.1049,843,25/02/2021,0.355,1.222
WHI1,Double Cone Island,148.7217,-20.1049,843,26/02/2021,0.441,1.592
WHI1,Double Cone Island,148.7217,-20.1049,843,27/02/2021,0.494,2.327
WHI1,Double Cone Island,148.7217,-20.1049,843,28/02/2021,0.53,3.497
WHI1,Double Cone Island,148.7217,-20.1049,843,1/03/2021,0.538,4.388
WHI1,Double Cone Island,148.7217,-20.1049,843,2/03/2021,0.571,4.167
WHI1,Double Cone Island,148.7217,-20.1049,843,3/03/2021,0.638,3.829
WHI1,Double Cone Island,148.7217,-20.1049,843,4/03/2021,0.741,3.905
WHI1,Double Cone Island,148.7217,-20.1049,843,5/03/2021,0.828,2.458
WHI1,Double Cone Island,148.7217,-20.1049,843,6/03/2021,0.677,1.687
WHI1,Double Cone Island,148.7217,-20.1049,843,7/03/2021,0.494,1.587
WHI1,Double Cone Island,148.7217,-20.1049,843,8/03/2021,0.424,1.257
WHI1,Double Cone Island,148.7217,-20.1049,843,9/03/2021,0.427,1.012
WHI1,Double Cone Island,148.7217,-20.1049,843,10/03/2021,0.44,1.044
WHI1,Double Cone Island,148.7217,-20.1049,843,11/03/2021,0.463,1.179
WHI1,Double Cone Island,148.7217,-20.1049,843,12/03/2021,0.475,1.357
WHI1,Double Cone Island,148.7217,-20.1049,843,13/03/2021,0.449,1.444
WHI1,Double Cone Island,148.7217,-20.1049,843,14/03/2021,0.405,1.388
WHI1,Double Cone Island,148.7217,-20.1049,843,15/03/2021,0.389,1.333
WHI1,Double Cone Island,148.7217,-20.1049,843,16/03/2021,0.377,1.142
WHI1,Double Cone Island,148.7217,-20.1049,843,17/03/2021,0.375,0.965
WHI1,Double Cone Island,148.7217,-20.1049,843,18/03/2021,0.373,0.869
WHI1,Double Cone Island,148.7217,-20.1049,843,19/03/2021,0.307,0.776
WHI1,Double Cone Island,148.7217,-20.1049,843,20/03/2021,0.26,0.851
WHI1,Double Cone Island,148.7217,-20.1049,843,21/03/2021,0.355,0.624
WHI1,Double Cone Island,148.7217,-20.1049,843,22/03/2021,0.46,0.874
WHI1,Double Cone Island,148.7217,-20.1049,843,23/03/2021,0.459,0.945
WHI1,Double Cone Island,148.7217,-20.1049,843,24/03/2021,0.425,0.806
WHI1,Double Cone Island,148.7217,-20.1049,843,25/03/2021,0.405,0.887
WHI1,Double Cone Island,148.7217,-20.1049,843,26/03/2021,0.461,1.072
WHI1,Double Cone Island,148.7217,-20.1049,843,27/03/2021,0.483,1.32
WHI1,Double Cone Island,148.7217,-20.1049,843,28/03/2021,0.536,1.639
WHI1,Double Cone Island,148.7217,-20.1049,843,29/03/2021,0.573,2.145
WHI1,Double Cone Island,148.7217,-20.1049,843,30/03/2021,0.629,3.895
WHI1,Double Cone Island,148.7217,-20.1049,843,31/03/2021,0.644,4.464
WHI1,Double Cone Island,148.7217,-20.1049,843,1/04/2021,0.629,5.343
WHI1,Double Cone Island,148.7217,-20.1049,843,2/04/2021,0.595,5.088
WHI1,Double Cone Island,148.7217,-20.1049,843,3/04/2021,0.562,3.034
WHI1,Double Cone Island,148.7217,-20.1049,843,4/04/2021,0.571,2.012
WHI1,Double Cone Island,148.7217,-20.1049,843,5/04/2021,0.608,1.919
WHI1,Double Cone Island,148.7217,-20.1049,843,6/04/2021,0.697,1.906
WHI1,Double Cone Island,148.7217,-20.1049,843,7/04/2021,0.789,1.856
WHI1,Double Cone Island,148.7217,-20.1049,843,8/04/2021,0.668,2.005
WHI1,Double Cone Island,148.7217,-20.1049,843,9/04/2021,0.515,1.936
WHI1,Double Cone Island,148.7217,-20.1049,843,10/04/2021,0.479,2.157
WHI1,Double Cone Island,148.7217,-20.1049,843,11/04/2021,0.531,2.319
WHI1,Double Cone Island,148.7217,-20.1049,843,12/04/2021,0.56,3.393
WHI1,Double Cone Island,148.7217,-20.1049,843,13/04/2021,0.575,2.735
WHI1,Double Cone Island,148.7217,-20.1049,843,14/04/2021,0.634,2.583
WHI1,Double Cone Island,148.7217,-20.1049,843,15/04/2021,0.632,2.194
WHI1,Double Cone Island,148.7217,-20.1049,843,16/04/2021,0.613,1.768
WHI1,Double Cone Island,148.7217,-20.1049,843,17/04/2021,0.521,1.491
WHI1,Double Cone Island,148.7217,-20.1049,843,18/04/2021,0.454,1.791
WHI1,Double Cone Island,148.7217,-20.1049,843,19/04/2021,0.41,1.144
WHI1,Double Cone Island,148.7217,-20.1049,843,20/04/2021,0.474,0.816
WHI1,Double Cone Island,148.7217,-20.1049,843,21/04/2021,0.458,0.778
WHI1,Double Cone Island,148.7217,-20.1049,843,22/04/2021,0.566,0.968
WHI1,Double Cone Island,148.7217,-20.1049,843,23/04/2021,0.625,1.766
WHI1,Double Cone Island,148.7217,-20.1049,843,24/04/2021,0.608,2.54
WHI1,Double Cone Island,148.7217,-20.1049,843,25/04/2021,0.615,3.183
WHI1,Double Cone Island,148.7217,-20.1049,843,26/04/2021,0.607,3.903
WHI1,Double Cone Island,148.7217,-20.1049,843,27/04/2021,0.67,3.854
WHI1,Double Cone Island,148.7217,-20.1049,843,28/04/2021,0.699,4.614
WHI1,Double Cone Island,148.7217,-20.1049,843,29/04/2021,0.76,3.82
WHI1,Double Cone Island,148.7217,-20.1049,843,30/04/2021,0.81,5.149
WHI1,Double Cone Island,148.7217,-20.1049,843,1/05/2021,0.851,4.076
WHI1,Double Cone Island,148.7217,-20.1049,843,2/05/2021,0.869,3.003
WHI1,Double Cone Island,148.7217,-20.1049,843,3/05/2021,0.889,2.554
WHI1,Double Cone Island,148.7217,-20.1049,843,4/05/2021,0.889,1.931
WHI1,Double Cone Island,148.7217,-20.1049,843,5/05/2021,0.882,1.515
WHI1,Double Cone Island,148.7217,-20.1049,843,6/05/2021,0.748,1.361
WHI1,Double Cone Island,148.7217,-20.1049,843,7/05/2021,0.797,1.079
WHI1,Double Cone Island,148.7217,-20.1049,843,8/05/2021,0.737,1.068
WHI1,Double Cone Island,148.7217,-20.1049,843,9/05/2021,0.713,1.089
WHI1,Double Cone Island,148.7217,-20.1049,843,10/05/2021,0.687,1.095
WHI1,Double Cone Island,148.7217,-20.1049,843,11/05/2021,0.642,1.054
WHI1,Double Cone Island,148.7217,-20.1049,843,12/05/2021,0.562,0.998
WHI1,Double Cone Island,148.7217,-20.1049,843,13/05/2021,0.568,0.951
WHI1,Double Cone Island,148.7217,-20.1049,843,14/05/2021,0.602,1.11
WHI1,Double Cone Island,148.7217,-20.1049,843,15/05/2021,0.599,0.927
WHI1,Double Cone Island,148.7217,-20.1049,843,16/05/2021,0.53,1.526
WHI1,Double Cone Island,148.7217,-20.1049,843,17/05/2021,0.478,1.23
WHI1,Double Cone Island,148.7217,-20.1049,843,18/05/2021,0.586,1.41
WHI1,Double Cone Island,148.7217,-20.1049,843,19/05/2021,0.662,1.312
WHI1,Double Cone Island,148.7217,-20.1049,843,20/05/2021,0.699,1
WHI1,Double Cone Island,148.7217,-20.1049,843,21/05/2021,0.702,1.063
WHI1,Double Cone Island,148.7217,-20.1049,843,22/05/2021,0.74,0.938
WHI1,Double Cone Island,148.7217,-20.1049,843,23/05/2021,0.746,0.859
WHI1,Double Cone Island,148.7217,-20.1049,843,24/05/2021,0.716,0.979
WHI1,Double Cone Island,148.7217,-20.1049,843,25/05/2021,0.651,1.049
WHI1,Double Cone Island,148.7217,-20.1049,843,26/05/2021,0.683,1.442
WHI1,Double Cone Island,148.7217,-20.1049,843,27/05/2021,0.622,1.323
WHI1,Double Cone Island,148.7217,-20.1049,843,28/05/2021,0.608,1.667
WHI1,Double Cone Island,148.7217,-20.1049,843,29/05/2021,0.655,1.98
WHI1,Double Cone Island,148.7217,-20.1049,843,30/05/2021,0.714,1.875
WHI1,Double Cone Island,148.7217,-20.1049,843,31/05/2021,0.74,1.32
WHI1,Double Cone Island,148.7217,-20.1049,843,1/06/2021,0.781,1.297
WHI1,Double Cone Island,148.7217,-20.1049,843,2/06/2021,0.678,1.233
WHI1,Double Cone Island,148.7217,-20.1049,843,3/06/2021,0.676,1.337
WHI1,Double Cone Island,148.7217,-20.1049,843,4/06/2021,0.608,1.006
WHI1,Double Cone Island,148.7217,-20.1049,843,5/06/2021,0.491,1.096
WHI1,Double Cone Island,148.7217,-20.1049,843,6/06/2021,0.521,1.213
WHI1,Double Cone Island,148.7217,-20.1049,843,7/06/2021,0.612,1.044
WHI1,Double Cone Island,148.7217,-20.1049,843,8/06/2021,0.554,0.645
WHI1,Double Cone Island,148.7217,-20.1049,843,9/06/2021,0.536,0.8
WHI1,Double Cone Island,148.7217,-20.1049,843,10/06/2021,0.492,0.885
WHI1,Double Cone Island,148.7217,-20.1049,843,11/06/2021,0.471,0.928
WHI1,Double Cone Island,148.7217,-20.1049,843,12/06/2021,0.557,1.159
WHI1,Double Cone Island,148.7217,-20.1049,843,13/06/2021,0.631,1.068
WHI1,Double Cone Island,148.7217,-20.1049,843,14/06/2021,0.65,0.926
WHI1,Double Cone Island,148.7217,-20.1049,843,15/06/2021,0.675,1.057
WHI1,Double Cone Island,148.7217,-20.1049,1044,15/06/2021,0.562,0.925
WHI1,Double Cone Island,148.7217,-20.1049,1044,16/06/2021,0.524,0.981
WHI1,Double Cone Island,148.7217,-20.1049,1044,17/06/2021,0.551,0.819
WHI1,Double Cone Island,148.7217,-20.1049,1044,18/06/2021,0.575,0.863
WHI1,Double Cone Island,148.7217,-20.1049,1044,19/06/2021,0.718,1.043
WHI1,Double Cone Island,148.7217,-20.1049,1044,20/06/2021,0.575,1.02
WHI1,Double Cone Island,148.7217,-20.1049,1044,21/06/2021,0.512,0.812
WHI1,Double Cone Island,148.7217,-20.1049,1044,22/06/2021,0.483,1.279
WHI1,Double Cone Island,148.7217,-20.1049,1044,23/06/2021,0.496,1.169
WHI1,Double Cone Island,148.7217,-20.1049,1044,24/06/2021,0.489,1.28
WHI1,Double Cone Island,148.7217,-20.1049,1044,25/06/2021,0.438,1.325
WHI1,Double Cone Island,148.7217,-20.1049,1044,26/06/2021,0.478,1.425
WHI1,Double Cone Island,148.7217,-20.1049,1044,27/06/2021,0.561,2.308
WHI1,Double Cone Island,148.7217,-20.1049,1044,28/06/2021,0.684,2.933
WHI1,Double Cone Island,148.7217,-20.1049,1044,29/06/2021,0.786,2.141
WHI1,Double Cone Island,148.7217,-20.1049,1044,30/06/2021,0.848,1.745
WHI4,Pine Island,148.8884,-20.3779,1729,1/07/2020,0.438,1.572
WHI4,Pine Island,148.8884,-20.3779,1729,2/07/2020,0.564,1.518
WHI4,Pine Island,148.8884,-20.3779,1729,3/07/2020,0.65,1.995
WHI4,Pine Island,148.8884,-20.3779,1729,4/07/2020,0.623,1.929
WHI4,Pine Island,148.8884,-20.3779,1729,5/07/2020,0.633,2.939
WHI4,Pine Island,148.8884,-20.3779,1729,6/07/2020,0.635,2.613
WHI4,Pine Island,148.8884,-20.3779,1729,7/07/2020,0.661,3.366
WHI4,Pine Island,148.8884,-20.3779,1729,8/07/2020,0.698,3.72
WHI4,Pine Island,148.8884,-20.3779,1729,9/07/2020,0.649,2.817
WHI4,Pine Island,148.8884,-20.3779,1729,10/07/2020,0.611,1.895
WHI4,Pine Island,148.8884,-20.3779,1729,11/07/2020,0.59,1.34
WHI4,Pine Island,148.8884,-20.3779,1729,12/07/2020,0.654,1.089
WHI4,Pine Island,148.8884,-20.3779,1729,13/07/2020,0.591,0.926
WHI4,Pine Island,148.8884,-20.3779,1729,14/07/2020,0.476,0.955
WHI4,Pine Island,148.8884,-20.3779,1729,15/07/2020,0.445,1.715
WHI4,Pine Island,148.8884,-20.3779,1729,16/07/2020,0.439,1.051
WHI4,Pine Island,148.8884,-20.3779,1729,17/07/2020,0.485,0.979
WHI4,Pine Island,148.8884,-20.3779,1729,18/07/2020,0.586,0.947
WHI4,Pine Island,148.8884,-20.3779,1729,19/07/2020,0.651,1.202
WHI4,Pine Island,148.8884,-20.3779,1729,20/07/2020,0.698,1.489
WHI4,Pine Island,148.8884,-20.3779,1729,21/07/2020,0.664,2.104
WHI4,Pine Island,148.8884,-20.3779,1729,22/07/2020,0.626,2.919
WHI4,Pine Island,148.8884,-20.3779,1729,23/07/2020,0.606,3.229
WHI4,Pine Island,148.8884,-20.3779,1729,24/07/2020,0.628,3.369
WHI4,Pine Island,148.8884,-20.3779,1729,25/07/2020,0.644,2.873
WHI4,Pine Island,148.8884,-20.3779,1729,26/07/2020,0.675,2.255
WHI4,Pine Island,148.8884,-20.3779,1729,27/07/2020,0.694,1.821
WHI4,Pine Island,148.8884,-20.3779,1729,28/07/2020,0.663,1.291
WHI4,Pine Island,148.8884,-20.3779,1729,29/07/2020,0.544,1.069
WHI4,Pine Island,148.8884,-20.3779,1729,30/07/2020,0.513,1.748
WHI4,Pine Island,148.8884,-20.3779,1729,31/07/2020,0.49,1.521
WHI4,Pine Island,148.8884,-20.3779,1729,1/08/2020,0.555,2.425
WHI4,Pine Island,148.8884,-20.3779,1729,2/08/2020,0.589,3.184
WHI4,Pine Island,148.8884,-20.3779,1729,3/08/2020,0.579,3.056
WHI4,Pine Island,148.8884,-20.3779,1729,4/08/2020,0.582,2.68
WHI4,Pine Island,148.8884,-20.3779,1729,5/08/2020,0.622,2.421
WHI4,Pine Island,148.8884,-20.3779,1729,6/08/2020,0.613,1.888
WHI4,Pine Island,148.8884,-20.3779,1729,7/08/2020,0.565,1.503
WHI4,Pine Island,148.8884,-20.3779,1729,8/08/2020,0.517,1.174
WHI4,Pine Island,148.8884,-20.3779,1729,9/08/2020,0.546,0.942
WHI4,Pine Island,148.8884,-20.3779,1729,10/08/2020,0.556,0.881
WHI4,Pine Island,148.8884,-20.3779,1729,11/08/2020,0.496,0.631
WHI4,Pine Island,148.8884,-20.3779,1729,12/08/2020,0.432,0.579
WHI4,Pine Island,148.8884,-20.3779,1729,13/08/2020,0.368,0.597
WHI4,Pine Island,148.8884,-20.3779,1729,14/08/2020,0.339,0.606
WHI4,Pine Island,148.8884,-20.3779,1729,15/08/2020,0.32,0.726
WHI4,Pine Island,148.8884,-20.3779,1729,16/08/2020,0.347,0.807
WHI4,Pine Island,148.8884,-20.3779,1729,17/08/2020,0.376,1.011
WHI4,Pine Island,148.8884,-20.3779,1729,18/08/2020,0.415,1.41
WHI4,Pine Island,148.8884,-20.3779,1729,19/08/2020,0.462,2.387
WHI4,Pine Island,148.8884,-20.3779,1729,20/08/2020,0.479,2.394
WHI4,Pine Island,148.8884,-20.3779,1729,21/08/2020,0.49,2.646
WHI4,Pine Island,148.8884,-20.3779,1729,22/08/2020,0.504,2.364
WHI4,Pine Island,148.8884,-20.3779,1729,23/08/2020,0.559,2.76
WHI4,Pine Island,148.8884,-20.3779,1729,24/08/2020,0.57,1.56
WHI4,Pine Island,148.8884,-20.3779,1729,25/08/2020,0.565,1.235
WHI4,Pine Island,148.8884,-20.3779,1729,26/08/2020,0.551,1.231
WHI4,Pine Island,148.8884,-20.3779,1729,27/08/2020,0.492,1.518
WHI4,Pine Island,148.8884,-20.3779,1729,28/08/2020,0.474,2.069
WHI4,Pine Island,148.8884,-20.3779,1729,29/08/2020,0.531,3.068
WHI4,Pine Island,148.8884,-20.3779,1729,30/08/2020,0.564,3.788
WHI4,Pine Island,148.8884,-20.3779,1729,31/08/2020,0.605,3.508
WHI4,Pine Island,148.8884,-20.3779,1729,1/09/2020,0.664,3.184
WHI4,Pine Island,148.8884,-20.3779,1729,2/09/2020,0.684,2.938
WHI4,Pine Island,148.8884,-20.3779,1729,3/09/2020,0.653,2.847
WHI4,Pine Island,148.8884,-20.3779,1729,4/09/2020,0.635,2.87
WHI4,Pine Island,148.8884,-20.3779,1729,5/09/2020,0.591,2.239
WHI4,Pine Island,148.8884,-20.3779,1729,6/09/2020,0.603,1.917
WHI4,Pine Island,148.8884,-20.3779,1729,7/09/2020,0.597,2.175
WHI4,Pine Island,148.8884,-20.3779,1729,8/09/2020,0.627,2.286
WHI4,Pine Island,148.8884,-20.3779,1729,9/09/2020,0.661,1.977
WHI4,Pine Island,148.8884,-20.3779,1729,10/09/2020,0.691,1.475
WHI4,Pine Island,148.8884,-20.3779,1729,11/09/2020,0.581,1.286
WHI4,Pine Island,148.8884,-20.3779,1729,12/09/2020,0.673,2.107
WHI4,Pine Island,148.8884,-20.3779,1729,13/09/2020,0.682,2.962
WHI4,Pine Island,148.8884,-20.3779,1729,14/09/2020,0.613,3.236
WHI4,Pine Island,148.8884,-20.3779,1729,15/09/2020,0.663,4.9
WHI4,Pine Island,148.8884,-20.3779,1729,16/09/2020,0.743,6.7
WHI4,Pine Island,148.8884,-20.3779,1729,17/09/2020,0.745,7.372
WHI4,Pine Island,148.8884,-20.3779,1729,18/09/2020,0.783,8.653
WHI4,Pine Island,148.8884,-20.3779,1729,19/09/2020,0.77,8.681
WHI4,Pine Island,148.8884,-20.3779,1729,20/09/2020,0.748,7.809
WHI4,Pine Island,148.8884,-20.3779,1729,21/09/2020,0.694,5.111
WHI4,Pine Island,148.8884,-20.3779,1729,22/09/2020,0.692,3.816
WHI4,Pine Island,148.8884,-20.3779,1729,23/09/2020,0.708,2.537
WHI4,Pine Island,148.8884,-20.3779,1729,24/09/2020,0.691,1.526
WHI4,Pine Island,148.8884,-20.3779,1729,25/09/2020,0.657,1.297
WHI4,Pine Island,148.8884,-20.3779,1729,26/09/2020,0.538,1.199
WHI4,Pine Island,148.8884,-20.3779,1729,27/09/2020,0.539,1.264
WHI4,Pine Island,148.8884,-20.3779,1729,28/09/2020,0.622,1.531
WHI4,Pine Island,148.8884,-20.3779,1729,29/09/2020,0.777,2.351
WHI4,Pine Island,148.8884,-20.3779,1729,30/09/2020,0.842,2.514
WHI4,Pine Island,148.8884,-20.3779,1729,1/10/2020,0.877,2.472
WHI4,Pine Island,148.8884,-20.3779,1729,2/10/2020,0.822,2.477
WHI4,Pine Island,148.8884,-20.3779,1729,3/10/2020,0.823,2.831
WHI4,Pine Island,148.8884,-20.3779,1729,4/10/2020,0.795,2.65
WHI4,Pine Island,148.8884,-20.3779,1729,5/10/2020,0.804,2.123
WHI4,Pine Island,148.8884,-20.3779,1729,6/10/2020,0.783,1.632
WHI4,Pine Island,148.8884,-20.3779,1729,7/10/2020,0.696,1.188
WHI4,Pine Island,148.8884,-20.3779,1043,8/10/2020,0.559,0.833
WHI4,Pine Island,148.8884,-20.3779,1729,8/10/2020,0.549,0.91
WHI4,Pine Island,148.8884,-20.3779,1043,9/10/2020,0.41,0.744
WHI4,Pine Island,148.8884,-20.3779,1043,10/10/2020,0.378,0.768
WHI4,Pine Island,148.8884,-20.3779,1043,11/10/2020,0.354,0.668
WHI4,Pine Island,148.8884,-20.3779,1043,12/10/2020,0.502,1.286
WHI4,Pine Island,148.8884,-20.3779,1043,13/10/2020,0.604,1.37
WHI4,Pine Island,148.8884,-20.3779,1043,14/10/2020,0.69,2.29
WHI4,Pine Island,148.8884,-20.3779,1043,15/10/2020,0.763,4.434
WHI4,Pine Island,148.8884,-20.3779,1043,16/10/2020,0.774,5.036
WHI4,Pine Island,148.8884,-20.3779,1043,17/10/2020,0.77,5.013
WHI4,Pine Island,148.8884,-20.3779,1043,18/10/2020,0.785,5.533
WHI4,Pine Island,148.8884,-20.3779,1043,19/10/2020,0.796,4.92
WHI4,Pine Island,148.8884,-20.3779,1043,20/10/2020,0.794,3.606
WHI4,Pine Island,148.8884,-20.3779,1043,21/10/2020,0.796,2.478
WHI4,Pine Island,148.8884,-20.3779,1043,22/10/2020,0.833,1.741
WHI4,Pine Island,148.8884,-20.3779,1043,23/10/2020,0.759,1.233
WHI4,Pine Island,148.8884,-20.3779,1043,24/10/2020,0.77,1.06
WHI4,Pine Island,148.8884,-20.3779,1043,25/10/2020,0.739,1.22
WHI4,Pine Island,148.8884,-20.3779,1043,26/10/2020,0.736,1.167
WHI4,Pine Island,148.8884,-20.3779,1043,27/10/2020,0.789,1.234
WHI4,Pine Island,148.8884,-20.3779,1043,28/10/2020,0.77,1.414
WHI4,Pine Island,148.8884,-20.3779,1043,29/10/2020,0.783,1.595
WHI4,Pine Island,148.8884,-20.3779,1043,30/10/2020,0.805,1.877
WHI4,Pine Island,148.8884,-20.3779,1043,31/10/2020,0.853,2.105
WHI4,Pine Island,148.8884,-20.3779,1043,1/11/2020,0.835,1.785
WHI4,Pine Island,148.8884,-20.3779,1043,2/11/2020,0.832,1.615
WHI4,Pine Island,148.8884,-20.3779,1043,3/11/2020,0.898,2.667
WHI4,Pine Island,148.8884,-20.3779,1043,4/11/2020,0.899,1.451
WHI4,Pine Island,148.8884,-20.3779,1043,5/11/2020,0.857,1.182
WHI4,Pine Island,148.8884,-20.3779,1043,6/11/2020,0.769,1.013
WHI4,Pine Island,148.8884,-20.3779,1043,7/11/2020,0.709,0.678
WHI4,Pine Island,148.8884,-20.3779,1043,8/11/2020,0.744,1.127
WHI4,Pine Island,148.8884,-20.3779,1043,9/11/2020,0.852,0.757
WHI4,Pine Island,148.8884,-20.3779,1043,10/11/2020,0.937,1.187
WHI4,Pine Island,148.8884,-20.3779,1043,11/11/2020,0.958,1.177
WHI4,Pine Island,148.8884,-20.3779,1043,12/11/2020,0.953,1.618
WHI4,Pine Island,148.8884,-20.3779,1043,13/11/2020,0.923,2.286
WHI4,Pine Island,148.8884,-20.3779,1043,14/11/2020,0.856,2.792
WHI4,Pine Island,148.8884,-20.3779,822,7/02/2021,0.645,1.034
WHI4,Pine Island,148.8884,-20.3779,822,8/02/2021,0.565,1.137
WHI4,Pine Island,148.8884,-20.3779,822,9/02/2021,0.523,1.554
WHI4,Pine Island,148.8884,-20.3779,822,10/02/2021,0.548,2.148
WHI4,Pine Island,148.8884,-20.3779,822,11/02/2021,0.559,2.374
WHI4,Pine Island,148.8884,-20.3779,822,12/02/2021,0.586,2.804
WHI4,Pine Island,148.8884,-20.3779,822,13/02/2021,0.631,2.887
WHI4,Pine Island,148.8884,-20.3779,822,14/02/2021,0.647,2.78
WHI4,Pine Island,148.8884,-20.3779,822,15/02/2021,0.614,2.195
WHI4,Pine Island,148.8884,-20.3779,822,16/02/2021,0.63,2.295
WHI4,Pine Island,148.8884,-20.3779,822,17/02/2021,0.685,1.945
WHI4,Pine Island,148.8884,-20.3779,822,18/02/2021,0.741,1.702
WHI4,Pine Island,148.8884,-20.3779,822,19/02/2021,0.673,0.971
WHI4,Pine Island,148.8884,-20.3779,822,20/02/2021,0.557,0.847
WHI4,Pine Island,148.8884,-20.3779,822,21/02/2021,0.641,0.978
WHI4,Pine Island,148.8884,-20.3779,822,22/02/2021,0.574,1.111
WHI4,Pine Island,148.8884,-20.3779,822,23/02/2021,0.531,0.952
WHI4,Pine Island,148.8884,-20.3779,822,24/02/2021,0.522,1.099
WHI4,Pine Island,148.8884,-20.3779,822,25/02/2021,0.559,1.333
WHI4,Pine Island,148.8884,-20.3779,822,26/02/2021,0.567,2.066
WHI4,Pine Island,148.8884,-20.3779,822,27/02/2021,0.524,3.107
WHI4,Pine Island,148.8884,-20.3779,822,28/02/2021,0.539,4.626
WHI4,Pine Island,148.8884,-20.3779,822,1/03/2021,0.535,5.63
WHI4,Pine Island,148.8884,-20.3779,822,2/03/2021,0.565,6.808
WHI4,Pine Island,148.8884,-20.3779,822,3/03/2021,0.556,5.819
WHI4,Pine Island,148.8884,-20.3779,822,4/03/2021,0.596,5.035
WHI4,Pine Island,148.8884,-20.3779,822,5/03/2021,0.671,4.163
WHI4,Pine Island,148.8884,-20.3779,822,6/03/2021,0.703,3.15
WHI4,Pine Island,148.8884,-20.3779,822,7/03/2021,0.778,2.433
WHI4,Pine Island,148.8884,-20.3779,822,8/03/2021,0.643,1.936
WHI4,Pine Island,148.8884,-20.3779,822,9/03/2021,0.583,1.988
WHI4,Pine Island,148.8884,-20.3779,822,10/03/2021,0.718,2.088
WHI4,Pine Island,148.8884,-20.3779,822,11/03/2021,0.764,2.306
WHI4,Pine Island,148.8884,-20.3779,822,12/03/2021,0.781,2.907
WHI4,Pine Island,148.8884,-20.3779,822,13/03/2021,0.702,2.702
WHI4,Pine Island,148.8884,-20.3779,822,14/03/2021,0.659,2.681
WHI4,Pine Island,148.8884,-20.3779,822,15/03/2021,0.633,2.404
WHI4,Pine Island,148.8884,-20.3779,822,16/03/2021,0.631,1.916
WHI4,Pine Island,148.8884,-20.3779,822,17/03/2021,0.659,1.492
WHI4,Pine Island,148.8884,-20.3779,822,18/03/2021,0.682,1.073
WHI4,Pine Island,148.8884,-20.3779,822,19/03/2021,0.666,0.886
WHI4,Pine Island,148.8884,-20.3779,822,20/03/2021,0.508,1.024
WHI4,Pine Island,148.8884,-20.3779,822,21/03/2021,0.53,0.713
WHI4,Pine Island,148.8884,-20.3779,822,22/03/2021,0.52,0.603
WHI4,Pine Island,148.8884,-20.3779,822,23/03/2021,0.593,0.769
WHI4,Pine Island,148.8884,-20.3779,822,24/03/2021,0.686,0.744
WHI4,Pine Island,148.8884,-20.3779,822,25/03/2021,0.645,0.82
WHI4,Pine Island,148.8884,-20.3779,822,26/03/2021,0.658,1.113
WHI4,Pine Island,148.8884,-20.3779,822,27/03/2021,0.732,1.597
WHI4,Pine Island,148.8884,-20.3779,822,28/03/2021,0.738,2.39
WHI4,Pine Island,148.8884,-20.3779,822,29/03/2021,0.747,3.396
WHI4,Pine Island,148.8884,-20.3779,822,30/03/2021,0.794,6.76
WHI4,Pine Island,148.8884,-20.3779,822,31/03/2021,0.753,7.707
WHI4,Pine Island,148.8884,-20.3779,822,1/04/2021,0.746,8.077
WHI4,Pine Island,148.8884,-20.3779,822,2/04/2021,0.7,5.713
WHI4,Pine Island,148.8884,-20.3779,822,3/04/2021,0.683,4.13
WHI4,Pine Island,148.8884,-20.3779,822,4/04/2021,0.72,2.458
WHI4,Pine Island,148.8884,-20.3779,822,5/04/2021,0.767,2.184
WHI4,Pine Island,148.8884,-20.3779,822,6/04/2021,0.663,2.248
WHI4,Pine Island,148.8884,-20.3779,822,7/04/2021,0.708,3.026
WHI4,Pine Island,148.8884,-20.3779,822,8/04/2021,0.756,3.9
WHI4,Pine Island,148.8884,-20.3779,822,9/04/2021,0.767,4.811
WHI4,Pine Island,148.8884,-20.3779,822,10/04/2021,0.735,4.892
WHI4,Pine Island,148.8884,-20.3779,822,11/04/2021,0.689,4.76
WHI4,Pine Island,148.8884,-20.3779,822,12/04/2021,0.724,6.038
WHI4,Pine Island,148.8884,-20.3779,822,13/04/2021,0.687,4.868
WHI4,Pine Island,148.8884,-20.3779,822,14/04/2021,0.752,5.793
WHI4,Pine Island,148.8884,-20.3779,822,15/04/2021,0.692,4.061
WHI4,Pine Island,148.8884,-20.3779,822,16/04/2021,0.632,3.178
WHI4,Pine Island,148.8884,-20.3779,822,17/04/2021,0.61,2.566
WHI4,Pine Island,148.8884,-20.3779,822,18/04/2021,0.636,2.183
WHI4,Pine Island,148.8884,-20.3779,822,19/04/2021,0.657,1.471
WHI4,Pine Island,148.8884,-20.3779,822,20/04/2021,0.719,1.047
WHI4,Pine Island,148.8884,-20.3779,822,21/04/2021,0.671,1.087
WHI4,Pine Island,148.8884,-20.3779,822,22/04/2021,0.612,1.451
WHI4,Pine Island,148.8884,-20.3779,822,23/04/2021,0.605,3.189
WHI4,Pine Island,148.8884,-20.3779,822,24/04/2021,0.592,3.945
WHI4,Pine Island,148.8884,-20.3779,822,25/04/2021,0.661,5.749
WHI4,Pine Island,148.8884,-20.3779,822,26/04/2021,0.727,7.482
WHI4,Pine Island,148.8884,-20.3779,822,27/04/2021,0.763,8.421
WHI4,Pine Island,148.8884,-20.3779,822,28/04/2021,0.797,8.991
WHI4,Pine Island,148.8884,-20.3779,822,29/04/2021,0.792,7.987
WHI4,Pine Island,148.8884,-20.3779,822,30/04/2021,0.797,7.845
WHI4,Pine Island,148.8884,-20.3779,822,1/05/2021,0.731,5.804
WHI4,Pine Island,148.8884,-20.3779,822,2/05/2021,0.756,3.152
WHI4,Pine Island,148.8884,-20.3779,822,3/05/2021,0.769,1.739
WHI4,Pine Island,148.8884,-20.3779,822,4/05/2021,0.695,0.931
WHI4,Pine Island,148.8884,-20.3779,822,5/05/2021,0.748,0.983
WHI4,Pine Island,148.8884,-20.3779,822,6/05/2021,0.859,1.276
WHI4,Pine Island,148.8884,-20.3779,822,7/05/2021,0.865,1.236
WHI4,Pine Island,148.8884,-20.3779,822,8/05/2021,0.89,1.23
WHI4,Pine Island,148.8884,-20.3779,822,9/05/2021,0.925,1.415
WHI4,Pine Island,148.8884,-20.3779,822,10/05/2021,0.856,1.472
WHI4,Pine Island,148.8884,-20.3779,822,11/05/2021,0.779,1.348
WHI4,Pine Island,148.8884,-20.3779,822,12/05/2021,0.749,1.39
WHI4,Pine Island,148.8884,-20.3779,822,13/05/2021,0.724,1.44
WHI4,Pine Island,148.8884,-20.3779,822,14/05/2021,0.729,1.912
WHI4,Pine Island,148.8884,-20.3779,822,15/05/2021,0.742,1.026
WHI4,Pine Island,148.8884,-20.3779,822,16/05/2021,0.729,1.184
WHI4,Pine Island,148.8884,-20.3779,822,17/05/2021,0.633,0.867
WHI4,Pine Island,148.8884,-20.3779,822,18/05/2021,0.548,0.896
WHI4,Pine Island,148.8884,-20.3779,822,19/05/2021,0.482,1.095
WHI4,Pine Island,148.8884,-20.3779,822,20/05/2021,0.564,1.196
WHI4,Pine Island,148.8884,-20.3779,822,21/05/2021,0.607,1.433
WHI4,Pine Island,148.8884,-20.3779,822,22/05/2021,0.658,1.477
WHI4,Pine Island,148.8884,-20.3779,822,23/05/2021,0.694,2.041
WHI4,Pine Island,148.8884,-20.3779,822,24/05/2021,0.754,3.407
WHI4,Pine Island,148.8884,-20.3779,822,25/05/2021,0.796,3.975
WHI4,Pine Island,148.8884,-20.3779,822,26/05/2021,0.838,4.561
WHI4,Pine Island,148.8884,-20.3779,822,27/05/2021,0.825,3.866
WHI4,Pine Island,148.8884,-20.3779,822,28/05/2021,0.885,4.728
WHI4,Pine Island,148.8884,-20.3779,822,29/05/2021,0.833,4.862
WHI4,Pine Island,148.8884,-20.3779,822,30/05/2021,0.838,4.522
WHI4,Pine Island,148.8884,-20.3779,822,31/05/2021,0.74,1.972
WHI4,Pine Island,148.8884,-20.3779,822,1/06/2021,0.664,1.177
WHI4,Pine Island,148.8884,-20.3779,822,2/06/2021,0.661,0.96
WHI4,Pine Island,148.8884,-20.3779,822,3/06/2021,0.672,0.915
WHI4,Pine Island,148.8884,-20.3779,822,4/06/2021,0.775,0.88
WHI4,Pine Island,148.8884,-20.3779,822,5/06/2021,0.725,1.267
WHI4,Pine Island,148.8884,-20.3779,822,6/06/2021,0.751,1.376
WHI4,Pine Island,148.8884,-20.3779,822,7/06/2021,0.766,1.416
WHI4,Pine Island,148.8884,-20.3779,822,8/06/2021,0.826,1.336
WHI4,Pine Island,148.8884,-20.3779,822,9/06/2021,0.939,1.316
WHI4,Pine Island,148.8884,-20.3779,822,10/06/2021,1.004,1.128
WHI4,Pine Island,148.8884,-20.3779,822,11/06/2021,0.963,0.917
WHI4,Pine Island,148.8884,-20.3779,822,12/06/2021,0.843,0.892
WHI4,Pine Island,148.8884,-20.3779,822,13/06/2021,0.794,0.799
WHI4,Pine Island,148.8884,-20.3779,822,14/06/2021,0.744,0.734
WHI4,Pine Island,148.8884,-20.3779,822,15/06/2021,0.764,0.669
WHI4,Pine Island,148.8884,-20.3779,6720,16/06/2021,0.698,0.911
WHI4,Pine Island,148.8884,-20.3779,822,16/06/2021,0.708,0.578
WHI4,Pine Island,148.8884,-20.3779,6720,17/06/2021,0.593,0.838
WHI4,Pine Island,148.8884,-20.3779,6720,18/06/2021,0.53,0.86
WHI4,Pine Island,148.8884,-20.3779,6720,19/06/2021,0.551,1.302
WHI4,Pine Island,148.8884,-20.3779,6720,20/06/2021,0.563,1.416
WHI4,Pine Island,148.8884,-20.3779,6720,21/06/2021,0.545,1.214
WHI4,Pine Island,148.8884,-20.3779,6720,22/06/2021,0.585,2.023
WHI4,Pine Island,148.8884,-20.3779,6720,23/06/2021,0.618,2.455
WHI4,Pine Island,148.8884,-20.3779,6720,24/06/2021,0.6,2.891
WHI4,Pine Island,148.8884,-20.3779,6720,25/06/2021,0.621,2.876
WHI4,Pine Island,148.8884,-20.3779,6720,26/06/2021,0.641,3.07
WHI4,Pine Island,148.8884,-20.3779,6720,27/06/2021,0.656,4.097
WHI4,Pine Island,148.8884,-20.3779,6720,28/06/2021,0.67,4.967
WHI4,Pine Island,148.8884,-20.3779,6720,29/06/2021,0.662,4.112
WHI4,Pine Island,148.8884,-20.3779,6720,30/06/2021,0.645,2.07
WHI5,Seaforth Island,149.03895,-20.46845,5136,1/07/2020,0.764,1.169
WHI5,Seaforth Island,149.03895,-20.46845,5136,2/07/2020,0.837,1.175
WHI5,Seaforth Island,149.03895,-20.46845,5136,3/07/2020,0.872,1.348
WHI5,Seaforth Island,149.03895,-20.46845,5136,4/07/2020,0.867,1.544
WHI5,Seaforth Island,149.03895,-20.46845,5136,5/07/2020,0.896,2.017
WHI5,Seaforth Island,149.03895,-20.46845,5136,6/07/2020,0.863,1.766
WHI5,Seaforth Island,149.03895,-20.46845,5136,7/07/2020,0.834,1.788
WHI5,Seaforth Island,149.03895,-20.46845,5136,8/07/2020,0.802,1.751
WHI5,Seaforth Island,149.03895,-20.46845,5136,9/07/2020,0.781,1.698
WHI5,Seaforth Island,149.03895,-20.46845,5136,10/07/2020,0.712,1.161
WHI5,Seaforth Island,149.03895,-20.46845,5136,11/07/2020,0.709,0.96
WHI5,Seaforth Island,149.03895,-20.46845,5136,12/07/2020,0.79,0.803
WHI5,Seaforth Island,149.03895,-20.46845,5136,13/07/2020,0.778,1.06
WHI5,Seaforth Island,149.03895,-20.46845,5136,14/07/2020,0.707,1.073
WHI5,Seaforth Island,149.03895,-20.46845,5136,15/07/2020,0.628,0.776
WHI5,Seaforth Island,149.03895,-20.46845,5136,16/07/2020,0.581,0.799
WHI5,Seaforth Island,149.03895,-20.46845,5136,17/07/2020,0.571,0.817
WHI5,Seaforth Island,149.03895,-20.46845,5136,18/07/2020,0.604,0.873
WHI5,Seaforth Island,149.03895,-20.46845,5136,19/07/2020,0.658,1.05
WHI5,Seaforth Island,149.03895,-20.46845,5136,20/07/2020,0.675,1.096
WHI5,Seaforth Island,149.03895,-20.46845,5136,21/07/2020,0.734,1.506
WHI5,Seaforth Island,149.03895,-20.46845,5136,22/07/2020,0.758,1.887
WHI5,Seaforth Island,149.03895,-20.46845,5136,23/07/2020,0.75,1.975
WHI5,Seaforth Island,149.03895,-20.46845,5136,24/07/2020,0.763,1.811
WHI5,Seaforth Island,149.03895,-20.46845,5136,25/07/2020,0.766,1.622
WHI5,Seaforth Island,149.03895,-20.46845,5136,26/07/2020,0.75,1.363
WHI5,Seaforth Island,149.03895,-20.46845,5136,27/07/2020,0.74,1.302
WHI5,Seaforth Island,149.03895,-20.46845,5136,28/07/2020,0.682,1.1
WHI5,Seaforth Island,149.03895,-20.46845,5136,29/07/2020,0.639,1.228
WHI5,Seaforth Island,149.03895,-20.46845,5136,30/07/2020,0.59,1.252
WHI5,Seaforth Island,149.03895,-20.46845,5136,31/07/2020,0.561,1.251
WHI5,Seaforth Island,149.03895,-20.46845,5136,1/08/2020,0.577,1.641
WHI5,Seaforth Island,149.03895,-20.46845,5136,2/08/2020,0.58,1.725
WHI5,Seaforth Island,149.03895,-20.46845,5136,3/08/2020,0.621,1.941
WHI5,Seaforth Island,149.03895,-20.46845,5136,4/08/2020,0.641,1.885
WHI5,Seaforth Island,149.03895,-20.46845,5136,5/08/2020,0.68,1.751
WHI5,Seaforth Island,149.03895,-20.46845,5136,6/08/2020,0.77,1.487
WHI5,Seaforth Island,149.03895,-20.46845,5136,7/08/2020,0.788,1.296
WHI5,Seaforth Island,149.03895,-20.46845,5136,8/08/2020,0.788,1.14
WHI5,Seaforth Island,149.03895,-20.46845,5136,9/08/2020,0.774,1.003
WHI5,Seaforth Island,149.03895,-20.46845,5136,10/08/2020,0.671,1.609
WHI5,Seaforth Island,149.03895,-20.46845,5136,11/08/2020,0.503,0.692
WHI5,Seaforth Island,149.03895,-20.46845,5136,12/08/2020,0.398,0.624
WHI5,Seaforth Island,149.03895,-20.46845,5136,13/08/2020,0.389,0.679
WHI5,Seaforth Island,149.03895,-20.46845,5136,14/08/2020,0.408,0.696
WHI5,Seaforth Island,149.03895,-20.46845,5136,15/08/2020,0.416,0.743
WHI5,Seaforth Island,149.03895,-20.46845,5136,16/08/2020,0.446,0.848
WHI5,Seaforth Island,149.03895,-20.46845,5136,17/08/2020,0.47,0.919
WHI5,Seaforth Island,149.03895,-20.46845,5136,18/08/2020,0.545,1.262
WHI5,Seaforth Island,149.03895,-20.46845,5136,19/08/2020,0.61,1.734
WHI5,Seaforth Island,149.03895,-20.46845,5136,20/08/2020,0.632,1.784
WHI5,Seaforth Island,149.03895,-20.46845,5136,21/08/2020,0.651,1.941
WHI5,Seaforth Island,149.03895,-20.46845,5136,22/08/2020,0.658,1.714
WHI5,Seaforth Island,149.03895,-20.46845,5136,23/08/2020,0.675,1.869
WHI5,Seaforth Island,149.03895,-20.46845,5136,24/08/2020,0.643,1.213
WHI5,Seaforth Island,149.03895,-20.46845,5136,25/08/2020,0.575,1.089
WHI5,Seaforth Island,149.03895,-20.46845,5136,26/08/2020,0.533,1.34
WHI5,Seaforth Island,149.03895,-20.46845,5136,27/08/2020,0.493,1.27
WHI5,Seaforth Island,149.03895,-20.46845,5136,28/08/2020,0.482,1.52
WHI5,Seaforth Island,149.03895,-20.46845,5136,29/08/2020,0.533,1.722
WHI5,Seaforth Island,149.03895,-20.46845,5136,30/08/2020,0.61,1.621
WHI5,Seaforth Island,149.03895,-20.46845,5136,31/08/2020,0.664,1.568
WHI5,Seaforth Island,149.03895,-20.46845,5136,1/09/2020,0.696,1.752
WHI5,Seaforth Island,149.03895,-20.46845,5136,2/09/2020,0.743,2.262
WHI5,Seaforth Island,149.03895,-20.46845,5136,3/09/2020,0.754,2.4
WHI5,Seaforth Island,149.03895,-20.46845,5136,4/09/2020,0.751,2.117
WHI5,Seaforth Island,149.03895,-20.46845,5136,5/09/2020,0.715,1.93
WHI5,Seaforth Island,149.03895,-20.46845,5136,6/09/2020,0.714,1.684
WHI5,Seaforth Island,149.03895,-20.46845,5136,7/09/2020,0.706,1.621
WHI5,Seaforth Island,149.03895,-20.46845,5136,8/09/2020,0.731,2.109
WHI5,Seaforth Island,149.03895,-20.46845,5136,9/09/2020,0.666,1.812
WHI5,Seaforth Island,149.03895,-20.46845,5136,10/09/2020,0.593,1.334
WHI5,Seaforth Island,149.03895,-20.46845,5136,11/09/2020,0.693,1.324
WHI5,Seaforth Island,149.03895,-20.46845,5136,12/09/2020,0.657,2.085
WHI5,Seaforth Island,149.03895,-20.46845,5136,13/09/2020,0.602,1.643
WHI5,Seaforth Island,149.03895,-20.46845,5136,14/09/2020,0.661,1.796
WHI5,Seaforth Island,149.03895,-20.46845,5136,15/09/2020,0.697,2.544
WHI5,Seaforth Island,149.03895,-20.46845,5136,16/09/2020,0.719,3.582
WHI5,Seaforth Island,149.03895,-20.46845,5136,17/09/2020,0.73,4.057
WHI5,Seaforth Island,149.03895,-20.46845,5136,18/09/2020,0.737,5.157
WHI5,Seaforth Island,149.03895,-20.46845,5136,19/09/2020,0.729,5.172
WHI5,Seaforth Island,149.03895,-20.46845,5136,20/09/2020,0.733,4.996
WHI5,Seaforth Island,149.03895,-20.46845,5136,21/09/2020,0.76,4.297
WHI5,Seaforth Island,149.03895,-20.46845,5136,22/09/2020,0.778,2.738
WHI5,Seaforth Island,149.03895,-20.46845,5136,23/09/2020,0.845,1.901
WHI5,Seaforth Island,149.03895,-20.46845,5136,24/09/2020,0.836,1.359
WHI5,Seaforth Island,149.03895,-20.46845,5136,25/09/2020,0.667,1.253
WHI5,Seaforth Island,149.03895,-20.46845,5136,26/09/2020,0.554,1.288
WHI5,Seaforth Island,149.03895,-20.46845,5136,27/09/2020,0.542,1.081
WHI5,Seaforth Island,149.03895,-20.46845,821,8/10/2020,0.339,0.984
WHI5,Seaforth Island,149.03895,-20.46845,821,9/10/2020,0.253,0.765
WHI5,Seaforth Island,149.03895,-20.46845,821,10/10/2020,0.184,0.683
WHI5,Seaforth Island,149.03895,-20.46845,821,11/10/2020,0.138,0.722
WHI5,Seaforth Island,149.03895,-20.46845,821,12/10/2020,0.309,0.996
WHI5,Seaforth Island,149.03895,-20.46845,821,13/10/2020,0.42,1.285
WHI5,Seaforth Island,149.03895,-20.46845,821,14/10/2020,0.494,1.933
WHI5,Seaforth Island,149.03895,-20.46845,821,15/10/2020,0.578,2.915
WHI5,Seaforth Island,149.03895,-20.46845,821,16/10/2020,0.616,3.162
WHI5,Seaforth Island,149.03895,-20.46845,821,17/10/2020,0.639,3.946
WHI5,Seaforth Island,149.03895,-20.46845,821,18/10/2020,0.682,3.893
WHI5,Seaforth Island,149.03895,-20.46845,821,19/10/2020,0.627,3.616
WHI5,Seaforth Island,149.03895,-20.46845,821,20/10/2020,0.67,2.666
WHI5,Seaforth Island,149.03895,-20.46845,821,21/10/2020,0.657,1.972
WHI5,Seaforth Island,149.03895,-20.46845,821,22/10/2020,0.63,1.65
WHI5,Seaforth Island,149.03895,-20.46845,821,23/10/2020,0.504,1.164
WHI5,Seaforth Island,149.03895,-20.46845,821,24/10/2020,0.463,1.132
WHI5,Seaforth Island,149.03895,-20.46845,821,25/10/2020,0.449,1.237
WHI5,Seaforth Island,149.03895,-20.46845,821,26/10/2020,0.46,1.28
WHI5,Seaforth Island,149.03895,-20.46845,821,27/10/2020,0.498,1.281
WHI5,Seaforth Island,149.03895,-20.46845,821,28/10/2020,0.526,1.35
WHI5,Seaforth Island,149.03895,-20.46845,821,29/10/2020,0.56,1.575
WHI5,Seaforth Island,149.03895,-20.46845,821,30/10/2020,0.57,1.661
WHI5,Seaforth Island,149.03895,-20.46845,821,31/10/2020,0.582,1.647
WHI5,Seaforth Island,149.03895,-20.46845,821,1/11/2020,0.589,1.486
WHI5,Seaforth Island,149.03895,-20.46845,821,2/11/2020,0.609,1.395
WHI5,Seaforth Island,149.03895,-20.46845,821,3/11/2020,0.653,2.232
WHI5,Seaforth Island,149.03895,-20.46845,821,4/11/2020,0.594,1.235
WHI5,Seaforth Island,149.03895,-20.46845,821,5/11/2020,0.538,0.943
WHI5,Seaforth Island,149.03895,-20.46845,821,6/11/2020,0.522,0.836
WHI5,Seaforth Island,149.03895,-20.46845,821,7/11/2020,0.492,0.706
WHI5,Seaforth Island,149.03895,-20.46845,821,8/11/2020,0.575,1.09
WHI5,Seaforth Island,149.03895,-20.46845,821,9/11/2020,0.634,0.94
WHI5,Seaforth Island,149.03895,-20.46845,821,10/11/2020,0.663,1.042
WHI5,Seaforth Island,149.03895,-20.46845,821,11/11/2020,0.619,1.126
WHI5,Seaforth Island,149.03895,-20.46845,821,12/11/2020,0.611,1.371
WHI5,Seaforth Island,149.03895,-20.46845,821,13/11/2020,0.654,1.869
WHI5,Seaforth Island,149.03895,-20.46845,821,14/11/2020,0.699,2.345
WHI5,Seaforth Island,149.03895,-20.46845,821,15/11/2020,0.713,2.613
WHI5,Seaforth Island,149.03895,-20.46845,821,16/11/2020,0.728,2.328
WHI5,Seaforth Island,149.03895,-20.46845,821,17/11/2020,0.733,2.109
WHI5,Seaforth Island,149.03895,-20.46845,821,18/11/2020,0.757,2.008
WHI5,Seaforth Island,149.03895,-20.46845,821,19/11/2020,0.762,1.627
WHI5,Seaforth Island,149.03895,-20.46845,821,20/11/2020,0.71,1.445
WHI5,Seaforth Island,149.03895,-20.46845,821,21/11/2020,0.652,1.261
WHI5,Seaforth Island,149.03895,-20.46845,821,22/11/2020,0.623,1.156
WHI5,Seaforth Island,149.03895,-20.46845,821,23/11/2020,0.606,1.091
WHI5,Seaforth Island,149.03895,-20.46845,821,24/11/2020,0.616,0.995
WHI5,Seaforth Island,149.03895,-20.46845,821,25/11/2020,0.608,1.02
WHI5,Seaforth Island,149.03895,-20.46845,821,26/11/2020,0.614,1.011
WHI5,Seaforth Island,149.03895,-20.46845,821,27/11/2020,0.611,1.056
WHI5,Seaforth Island,149.03895,-20.46845,821,28/11/2020,0.608,1.375
WHI5,Seaforth Island,149.03895,-20.46845,821,29/11/2020,0.591,1.176
WHI5,Seaforth Island,149.03895,-20.46845,821,30/11/2020,0.594,1.056
WHI5,Seaforth Island,149.03895,-20.46845,821,1/12/2020,0.585,1.036
WHI5,Seaforth Island,149.03895,-20.46845,821,2/12/2020,0.553,0.989
WHI5,Seaforth Island,149.03895,-20.46845,821,3/12/2020,0.535,0.854
WHI5,Seaforth Island,149.03895,-20.46845,821,4/12/2020,0.532,0.717
WHI5,Seaforth Island,149.03895,-20.46845,821,5/12/2020,0.524,0.668
WHI5,Seaforth Island,149.03895,-20.46845,821,6/12/2020,0.499,0.645
WHI5,Seaforth Island,149.03895,-20.46845,821,7/12/2020,0.495,0.68
WHI5,Seaforth Island,149.03895,-20.46845,821,8/12/2020,0.516,0.79
WHI5,Seaforth Island,149.03895,-20.46845,821,9/12/2020,0.549,0.812
WHI5,Seaforth Island,149.03895,-20.46845,821,10/12/2020,0.586,1.086
WHI5,Seaforth Island,149.03895,-20.46845,821,11/12/2020,0.581,1.193
WHI5,Seaforth Island,149.03895,-20.46845,821,12/12/2020,0.617,1.632
WHI5,Seaforth Island,149.03895,-20.46845,821,13/12/2020,0.642,1.733
WHI5,Seaforth Island,149.03895,-20.46845,821,14/12/2020,0.682,1.748
WHI5,Seaforth Island,149.03895,-20.46845,821,15/12/2020,0.716,2.106
WHI5,Seaforth Island,149.03895,-20.46845,821,16/12/2020,0.734,1.835
WHI5,Seaforth Island,149.03895,-20.46845,821,17/12/2020,0.756,1.688
WHI5,Seaforth Island,149.03895,-20.46845,821,18/12/2020,0.743,1.282
WHI5,Seaforth Island,149.03895,-20.46845,821,19/12/2020,0.628,1.047
WHI5,Seaforth Island,149.03895,-20.46845,821,20/12/2020,0.502,0.818
WHI5,Seaforth Island,149.03895,-20.46845,821,21/12/2020,0.437,0.7
WHI5,Seaforth Island,149.03895,-20.46845,821,22/12/2020,0.446,0.724
WHI5,Seaforth Island,149.03895,-20.46845,821,23/12/2020,0.428,0.701
WHI5,Seaforth Island,149.03895,-20.46845,821,24/12/2020,0.477,0.886
WHI5,Seaforth Island,149.03895,-20.46845,821,25/12/2020,0.509,1.27
WHI5,Seaforth Island,149.03895,-20.46845,821,26/12/2020,0.552,1.63
WHI5,Seaforth Island,149.03895,-20.46845,821,27/12/2020,0.587,1.208
WHI5,Seaforth Island,149.03895,-20.46845,821,28/12/2020,0.627,0.975
WHI5,Seaforth Island,149.03895,-20.46845,821,29/12/2020,0.601,1.032
WHI5,Seaforth Island,149.03895,-20.46845,821,30/12/2020,0.561,1.21
WHI5,Seaforth Island,149.03895,-20.46845,821,31/12/2020,0.593,1.58
WHI5,Seaforth Island,149.03895,-20.46845,821,1/01/2021,0.593,1.751
WHI5,Seaforth Island,149.03895,-20.46845,821,2/01/2021,0.552,1.638
WHI5,Seaforth Island,149.03895,-20.46845,821,3/01/2021,0.615,1.199
WHI5,Seaforth Island,149.03895,-20.46845,821,4/01/2021,0.669,1.135
WHI5,Seaforth Island,149.03895,-20.46845,821,5/01/2021,0.63,1.021
WHI5,Seaforth Island,149.03895,-20.46845,821,6/01/2021,0.599,1.021
WHI5,Seaforth Island,149.03895,-20.46845,821,7/01/2021,0.578,1.062
WHI5,Seaforth Island,149.03895,-20.46845,821,8/01/2021,0.622,1.118
WHI5,Seaforth Island,149.03895,-20.46845,821,9/01/2021,0.667,1.714
WHI5,Seaforth Island,149.03895,-20.46845,821,10/01/2021,0.587,2.929
WHI5,Seaforth Island,149.03895,-20.46845,821,11/01/2021,0.543,3.108
WHI5,Seaforth Island,149.03895,-20.46845,821,12/01/2021,0.586,2.924
WHI5,Seaforth Island,149.03895,-20.46845,821,13/01/2021,0.635,2.75
WHI5,Seaforth Island,149.03895,-20.46845,821,14/01/2021,0.706,2.529
WHI5,Seaforth Island,149.03895,-20.46845,821,15/01/2021,0.77,2.174
WHI5,Seaforth Island,149.03895,-20.46845,821,16/01/2021,0.752,1.658
WHI5,Seaforth Island,149.03895,-20.46845,821,17/01/2021,0.698,1.566
WHI5,Seaforth Island,149.03895,-20.46845,821,18/01/2021,0.581,1.385
WHI5,Seaforth Island,149.03895,-20.46845,821,19/01/2021,0.503,1.058
WHI5,Seaforth Island,149.03895,-20.46845,821,20/01/2021,0.57,0.955
WHI5,Seaforth Island,149.03895,-20.46845,821,21/01/2021,0.752,1.063
WHI5,Seaforth Island,149.03895,-20.46845,821,22/01/2021,0.663,0.793
WHI5,Seaforth Island,149.03895,-20.46845,821,23/01/2021,0.523,0.688
WHI5,Seaforth Island,149.03895,-20.46845,821,24/01/2021,0.522,0.691
WHI5,Seaforth Island,149.03895,-20.46845,821,25/01/2021,0.601,0.736
WHI5,Seaforth Island,149.03895,-20.46845,821,26/01/2021,0.621,0.721
WHI5,Seaforth Island,149.03895,-20.46845,821,27/01/2021,0.613,0.717
WHI5,Seaforth Island,149.03895,-20.46845,821,28/01/2021,0.667,0.79
WHI5,Seaforth Island,149.03895,-20.46845,821,29/01/2021,0.685,1.034
WHI5,Seaforth Island,149.03895,-20.46845,821,30/01/2021,0.64,0.993
WHI5,Seaforth Island,149.03895,-20.46845,821,31/01/2021,0.592,1.072
WHI5,Seaforth Island,149.03895,-20.46845,821,1/02/2021,0.563,0.891
WHI5,Seaforth Island,149.03895,-20.46845,821,2/02/2021,0.533,0.692
WHI5,Seaforth Island,149.03895,-20.46845,821,3/02/2021,0.497,0.662
WHI5,Seaforth Island,149.03895,-20.46845,821,4/02/2021,0.515,0.668
WHI5,Seaforth Island,149.03895,-20.46845,821,5/02/2021,0.507,0.68
WHI5,Seaforth Island,149.03895,-20.46845,821,6/02/2021,0.506,0.676
WHI5,Seaforth Island,149.03895,-20.46845,821,7/02/2021,0.454,0.679
WHI5,Seaforth Island,149.03895,-20.46845,818,7/02/2021,0.318,0.959
WHI5,Seaforth Island,149.03895,-20.46845,818,8/02/2021,0.279,1.048
WHI5,Seaforth Island,149.03895,-20.46845,818,9/02/2021,0.28,1.254
WHI5,Seaforth Island,149.03895,-20.46845,818,10/02/2021,0.336,1.73
WHI5,Seaforth Island,149.03895,-20.46845,818,11/02/2021,0.356,1.64
WHI5,Seaforth Island,149.03895,-20.46845,818,12/02/2021,0.41,1.74
WHI5,Seaforth Island,149.03895,-20.46845,818,13/02/2021,0.466,1.731
WHI5,Seaforth Island,149.03895,-20.46845,818,14/02/2021,0.532,1.799
WHI5,Seaforth Island,149.03895,-20.46845,818,15/02/2021,0.489,1.765
WHI5,Seaforth Island,149.03895,-20.46845,818,16/02/2021,0.441,1.52
WHI5,Seaforth Island,149.03895,-20.46845,818,17/02/2021,0.419,1.573
WHI5,Seaforth Island,149.03895,-20.46845,818,18/02/2021,0.365,1.192
WHI5,Seaforth Island,149.03895,-20.46845,818,19/02/2021,0.321,0.863
WHI5,Seaforth Island,149.03895,-20.46845,818,20/02/2021,0.29,0.855
WHI5,Seaforth Island,149.03895,-20.46845,818,21/02/2021,0.475,1.105
WHI5,Seaforth Island,149.03895,-20.46845,818,22/02/2021,0.546,1.368
WHI5,Seaforth Island,149.03895,-20.46845,818,23/02/2021,0.32,1.271
WHI5,Seaforth Island,149.03895,-20.46845,818,24/02/2021,0.261,1.29
WHI5,Seaforth Island,149.03895,-20.46845,818,25/02/2021,0.269,1.39
WHI5,Seaforth Island,149.03895,-20.46845,818,26/02/2021,0.329,1.81
WHI5,Seaforth Island,149.03895,-20.46845,818,27/02/2021,0.354,2.247
WHI5,Seaforth Island,149.03895,-20.46845,818,28/02/2021,0.42,3.491
WHI5,Seaforth Island,149.03895,-20.46845,818,1/03/2021,0.428,3.788
WHI5,Seaforth Island,149.03895,-20.46845,818,2/03/2021,0.478,3.998
WHI5,Seaforth Island,149.03895,-20.46845,818,3/03/2021,0.537,3.479
WHI5,Seaforth Island,149.03895,-20.46845,818,4/03/2021,0.652,3.599
WHI5,Seaforth Island,149.03895,-20.46845,818,5/03/2021,0.764,2.783
WHI5,Seaforth Island,149.03895,-20.46845,818,6/03/2021,0.747,1.824
WHI5,Seaforth Island,149.03895,-20.46845,818,7/03/2021,0.708,1.668
WHI5,Seaforth Island,149.03895,-20.46845,818,8/03/2021,0.529,1.679
WHI5,Seaforth Island,149.03895,-20.46845,818,9/03/2021,0.308,1.597
WHI5,Seaforth Island,149.03895,-20.46845,818,10/03/2021,0.402,1.726
WHI5,Seaforth Island,149.03895,-20.46845,818,11/03/2021,0.572,2.063
WHI5,Seaforth Island,149.03895,-20.46845,818,12/03/2021,0.603,2.209
WHI5,Seaforth Island,149.03895,-20.46845,818,13/03/2021,0.57,2.508
WHI5,Seaforth Island,149.03895,-20.46845,818,14/03/2021,0.534,2.262
WHI5,Seaforth Island,149.03895,-20.46845,818,15/03/2021,0.526,2.125
WHI5,Seaforth Island,149.03895,-20.46845,818,16/03/2021,0.512,1.807
WHI5,Seaforth Island,149.03895,-20.46845,818,17/03/2021,0.459,1.454
WHI5,Seaforth Island,149.03895,-20.46845,818,18/03/2021,0.365,1.198
WHI5,Seaforth Island,149.03895,-20.46845,818,19/03/2021,0.317,0.942
WHI5,Seaforth Island,149.03895,-20.46845,818,20/03/2021,0.317,0.88
WHI5,Seaforth Island,149.03895,-20.46845,818,21/03/2021,0.371,0.711
WHI5,Seaforth Island,149.03895,-20.46845,818,22/03/2021,0.349,0.756
WHI5,Seaforth Island,149.03895,-20.46845,818,23/03/2021,0.401,0.758
WHI5,Seaforth Island,149.03895,-20.46845,818,24/03/2021,0.409,0.831
WHI5,Seaforth Island,149.03895,-20.46845,818,25/03/2021,0.431,0.983
WHI5,Seaforth Island,149.03895,-20.46845,818,26/03/2021,0.456,1.223
WHI5,Seaforth Island,149.03895,-20.46845,818,27/03/2021,0.478,1.554
WHI5,Seaforth Island,149.03895,-20.46845,818,28/03/2021,0.469,1.932
WHI5,Seaforth Island,149.03895,-20.46845,818,29/03/2021,0.505,2.777
WHI5,Seaforth Island,149.03895,-20.46845,818,30/03/2021,0.574,4.022
WHI5,Seaforth Island,149.03895,-20.46845,818,31/03/2021,0.575,4.346
WHI5,Seaforth Island,149.03895,-20.46845,818,1/04/2021,0.592,4.55
WHI5,Seaforth Island,149.03895,-20.46845,818,2/04/2021,0.625,4.37
WHI5,Seaforth Island,149.03895,-20.46845,818,3/04/2021,0.618,3.28
WHI5,Seaforth Island,149.03895,-20.46845,818,4/04/2021,0.621,2.093
WHI5,Seaforth Island,149.03895,-20.46845,818,5/04/2021,0.673,1.726
WHI5,Seaforth Island,149.03895,-20.46845,818,6/04/2021,0.621,1.969
WHI5,Seaforth Island,149.03895,-20.46845,818,7/04/2021,0.672,2.106
WHI5,Seaforth Island,149.03895,-20.46845,818,8/04/2021,0.644,2.355
WHI5,Seaforth Island,149.03895,-20.46845,818,9/04/2021,0.605,2.584
WHI5,Seaforth Island,149.03895,-20.46845,818,10/04/2021,0.634,2.841
WHI5,Seaforth Island,149.03895,-20.46845,818,11/04/2021,0.631,2.87
WHI5,Seaforth Island,149.03895,-20.46845,818,12/04/2021,0.656,3.391
WHI5,Seaforth Island,149.03895,-20.46845,818,13/04/2021,0.644,2.897
WHI5,Seaforth Island,149.03895,-20.46845,818,14/04/2021,0.666,2.862
WHI5,Seaforth Island,149.03895,-20.46845,818,15/04/2021,0.647,1.946
WHI5,Seaforth Island,149.03895,-20.46845,818,16/04/2021,0.643,1.519
WHI5,Seaforth Island,149.03895,-20.46845,818,17/04/2021,0.608,1.175
WHI5,Seaforth Island,149.03895,-20.46845,818,18/04/2021,0.575,1.137
WHI5,Seaforth Island,149.03895,-20.46845,818,19/04/2021,0.496,0.852
WHI5,Seaforth Island,149.03895,-20.46845,818,20/04/2021,0.428,0.822
WHI5,Seaforth Island,149.03895,-20.46845,818,21/04/2021,0.505,0.875
WHI5,Seaforth Island,149.03895,-20.46845,818,22/04/2021,0.576,1.018
WHI5,Seaforth Island,149.03895,-20.46845,818,23/04/2021,0.575,2.077
WHI5,Seaforth Island,149.03895,-20.46845,818,24/04/2021,0.6,2.774
WHI5,Seaforth Island,149.03895,-20.46845,818,25/04/2021,0.626,3.266
WHI5,Seaforth Island,149.03895,-20.46845,818,26/04/2021,0.676,4.091
WHI5,Seaforth Island,149.03895,-20.46845,818,27/04/2021,0.73,4.824
WHI5,Seaforth Island,149.03895,-20.46845,818,28/04/2021,0.761,5.88
WHI5,Seaforth Island,149.03895,-20.46845,818,29/04/2021,0.756,5.084
WHI5,Seaforth Island,149.03895,-20.46845,818,30/04/2021,0.75,4.983
WHI5,Seaforth Island,149.03895,-20.46845,818,1/05/2021,0.744,3.668
WHI5,Seaforth Island,149.03895,-20.46845,818,2/05/2021,0.745,2.391
WHI5,Seaforth Island,149.03895,-20.46845,818,3/05/2021,0.663,1.402
WHI5,Seaforth Island,149.03895,-20.46845,818,4/05/2021,0.656,0.918
WHI5,Seaforth Island,149.03895,-20.46845,818,5/05/2021,0.627,0.94
WHI5,Seaforth Island,149.03895,-20.46845,818,6/05/2021,0.574,0.928
WHI5,Seaforth Island,149.03895,-20.46845,818,7/05/2021,0.581,0.981
WHI5,Seaforth Island,149.03895,-20.46845,818,8/05/2021,0.59,0.974
WHI5,Seaforth Island,149.03895,-20.46845,818,9/05/2021,0.609,1.169
WHI5,Seaforth Island,149.03895,-20.46845,818,10/05/2021,0.575,1.12
WHI5,Seaforth Island,149.03895,-20.46845,818,11/05/2021,0.527,1.081
WHI5,Seaforth Island,149.03895,-20.46845,818,12/05/2021,0.519,1.071
WHI5,Seaforth Island,149.03895,-20.46845,818,13/05/2021,0.5,0.976
WHI5,Seaforth Island,149.03895,-20.46845,818,14/05/2021,0.494,1.067
WHI5,Seaforth Island,149.03895,-20.46845,818,15/05/2021,0.452,0.881
WHI5,Seaforth Island,149.03895,-20.46845,818,16/05/2021,0.46,1.668
WHI5,Seaforth Island,149.03895,-20.46845,818,17/05/2021,0.359,1.039
WHI5,Seaforth Island,149.03895,-20.46845,818,18/05/2021,0.36,1.264
WHI5,Seaforth Island,149.03895,-20.46845,818,19/05/2021,0.387,1.068
WHI5,Seaforth Island,149.03895,-20.46845,818,20/05/2021,0.423,0.908
WHI5,Seaforth Island,149.03895,-20.46845,818,21/05/2021,0.467,0.984
WHI5,Seaforth Island,149.03895,-20.46845,818,22/05/2021,0.493,1.203
WHI5,Seaforth Island,149.03895,-20.46845,818,23/05/2021,0.528,1.238
WHI5,Seaforth Island,149.03895,-20.46845,818,24/05/2021,0.559,1.777
WHI5,Seaforth Island,149.03895,-20.46845,818,25/05/2021,0.567,2.322
WHI5,Seaforth Island,149.03895,-20.46845,818,26/05/2021,0.563,2.476
WHI5,Seaforth Island,149.03895,-20.46845,818,27/05/2021,0.569,2.766
WHI5,Seaforth Island,149.03895,-20.46845,818,28/05/2021,0.628,3.398
WHI5,Seaforth Island,149.03895,-20.46845,818,29/05/2021,0.666,3.103
WHI5,Seaforth Island,149.03895,-20.46845,818,30/05/2021,0.684,2.517
WHI5,Seaforth Island,149.03895,-20.46845,818,31/05/2021,0.62,1.859
WHI5,Seaforth Island,149.03895,-20.46845,818,1/06/2021,0.567,1.344
WHI5,Seaforth Island,149.03895,-20.46845,818,2/06/2021,0.565,1.138
WHI5,Seaforth Island,149.03895,-20.46845,818,3/06/2021,0.531,1.04
WHI5,Seaforth Island,149.03895,-20.46845,818,4/06/2021,0.474,0.973
WHI5,Seaforth Island,149.03895,-20.46845,6668,4/06/2021,0.504,1.548
WHI5,Seaforth Island,149.03895,-20.46845,6668,5/06/2021,0.478,1.546
WHI5,Seaforth Island,149.03895,-20.46845,6668,6/06/2021,0.499,1.505
WHI5,Seaforth Island,149.03895,-20.46845,6668,7/06/2021,0.53,1.388
WHI5,Seaforth Island,149.03895,-20.46845,6668,8/06/2021,0.537,1.305
WHI5,Seaforth Island,149.03895,-20.46845,6668,9/06/2021,0.548,1.404
WHI5,Seaforth Island,149.03895,-20.46845,6668,10/06/2021,0.54,1.419
WHI5,Seaforth Island,149.03895,-20.46845,6668,11/06/2021,0.514,1.36
WHI5,Seaforth Island,149.03895,-20.46845,6668,12/06/2021,0.47,1.316
WHI5,Seaforth Island,149.03895,-20.46845,6668,13/06/2021,0.472,1.251
WHI5,Seaforth Island,149.03895,-20.46845,6668,14/06/2021,0.466,1.188
WHI5,Seaforth Island,149.03895,-20.46845,6668,15/06/2021,0.457,1.207
WHI5,Seaforth Island,149.03895,-20.46845,6668,16/06/2021,0.441,1.175
WHI5,Seaforth Island,149.03895,-20.46845,6668,17/06/2021,0.427,1.117
WHI5,Seaforth Island,149.03895,-20.46845,6668,18/06/2021,0.403,1.188
WHI5,Seaforth Island,149.03895,-20.46845,6668,19/06/2021,0.39,1.393
WHI5,Seaforth Island,149.03895,-20.46845,6668,20/06/2021,0.384,1.433
WHI5,Seaforth Island,149.03895,-20.46845,6668,21/06/2021,0.388,1.449
WHI5,Seaforth Island,149.03895,-20.46845,6668,22/06/2021,0.464,1.803
WHI5,Seaforth Island,149.03895,-20.46845,6668,23/06/2021,0.475,1.976
WHI5,Seaforth Island,149.03895,-20.46845,6668,24/06/2021,0.479,1.899
WHI5,Seaforth Island,149.03895,-20.46845,6668,25/06/2021,0.518,2.075
WHI5,Seaforth Island,149.03895,-20.46845,6668,26/06/2021,0.576,2.152
WHI5,Seaforth Island,149.03895,-20.46845,6668,27/06/2021,0.635,2.394
WHI5,Seaforth Island,149.03895,-20.46845,6668,28/06/2021,0.669,2.504
WHI5,Seaforth Island,149.03895,-20.46845,6668,29/06/2021,0.632,2.13
WHI5,Seaforth Island,149.03895,-20.46845,6668,30/06/2021,0.583,1.389
WHI6,OConnell River mouth,148.735083,-20.576217,827,7/02/2021,0.88,2.497
WHI6,OConnell River mouth,148.735083,-20.576217,827,8/02/2021,0.933,2.185
WHI6,OConnell River mouth,148.735083,-20.576217,827,9/02/2021,0.742,1.514
WHI6,OConnell River mouth,148.735083,-20.576217,827,10/02/2021,1.223,6.017
WHI6,OConnell River mouth,148.735083,-20.576217,827,11/02/2021,1.704,5.395
WHI6,OConnell River mouth,148.735083,-20.576217,827,12/02/2021,1.723,5.04
WHI6,OConnell River mouth,148.735083,-20.576217,827,13/02/2021,1.622,4.265
WHI6,OConnell River mouth,148.735083,-20.576217,827,14/02/2021,0.991,2.801
WHI6,OConnell River mouth,148.735083,-20.576217,827,15/02/2021,0.599,1.626
WHI6,OConnell River mouth,148.735083,-20.576217,827,16/02/2021,0.929,2.966
WHI6,OConnell River mouth,148.735083,-20.576217,827,17/02/2021,1.412,7.608
WHI6,OConnell River mouth,148.735083,-20.576217,827,18/02/2021,1.506,7.239
WHI6,OConnell River mouth,148.735083,-20.576217,827,19/02/2021,1.443,4.179
WHI6,OConnell River mouth,148.735083,-20.576217,827,20/02/2021,1.17,3.053
WHI6,OConnell River mouth,148.735083,-20.576217,827,21/02/2021,1.302,2.892
WHI6,OConnell River mouth,148.735083,-20.576217,827,22/02/2021,0.847,2.343
WHI6,OConnell River mouth,148.735083,-20.576217,827,23/02/2021,0.59,1.906
WHI6,OConnell River mouth,148.735083,-20.576217,827,24/02/2021,0.403,1.443
WHI6,OConnell River mouth,148.735083,-20.576217,827,25/02/2021,0.621,2.818
WHI6,OConnell River mouth,148.735083,-20.576217,827,26/02/2021,1.058,4.522
WHI6,OConnell River mouth,148.735083,-20.576217,827,27/02/2021,1.443,8.081
WHI6,OConnell River mouth,148.735083,-20.576217,827,28/02/2021,1.365,12.151
WHI6,OConnell River mouth,148.735083,-20.576217,827,1/03/2021,1.345,19.289
WHI6,OConnell River mouth,148.735083,-20.576217,827,2/03/2021,1.212,20.8
WHI6,OConnell River mouth,148.735083,-20.576217,827,3/03/2021,1.154,13.057
WHI6,OConnell River mouth,148.735083,-20.576217,827,4/03/2021,1.246,18.042
WHI6,OConnell River mouth,148.735083,-20.576217,827,5/03/2021,1.561,14.777
WHI6,OConnell River mouth,148.735083,-20.576217,827,6/03/2021,1.602,4.458
WHI6,OConnell River mouth,148.735083,-20.576217,827,7/03/2021,1.29,2.814
WHI6,OConnell River mouth,148.735083,-20.576217,827,8/03/2021,0.794,1.889
WHI6,OConnell River mouth,148.735083,-20.576217,827,9/03/2021,0.553,1.583
WHI6,OConnell River mouth,148.735083,-20.576217,827,10/03/2021,0.526,1.657
WHI6,OConnell River mouth,148.735083,-20.576217,827,11/03/2021,0.595,2.323
WHI6,OConnell River mouth,148.735083,-20.576217,827,12/03/2021,0.684,3.033
WHI6,OConnell River mouth,148.735083,-20.576217,827,13/03/2021,0.737,2.952
WHI6,OConnell River mouth,148.735083,-20.576217,827,14/03/2021,0.6,2.426
WHI6,OConnell River mouth,148.735083,-20.576217,827,15/03/2021,0.556,2.161
WHI6,OConnell River mouth,148.735083,-20.576217,827,16/03/2021,0.555,1.881
WHI6,OConnell River mouth,148.735083,-20.576217,827,17/03/2021,0.486,1.545
WHI6,OConnell River mouth,148.735083,-20.576217,827,18/03/2021,0.446,1.405
WHI6,OConnell River mouth,148.735083,-20.576217,827,19/03/2021,0.505,1.536
WHI6,OConnell River mouth,148.735083,-20.576217,827,20/03/2021,0.635,2.426
WHI6,OConnell River mouth,148.735083,-20.576217,827,21/03/2021,0.931,4.284
WHI6,OConnell River mouth,148.735083,-20.576217,827,22/03/2021,1.058,2.904
WHI6,OConnell River mouth,148.735083,-20.576217,827,23/03/2021,0.854,2.109
WHI6,OConnell River mouth,148.735083,-20.576217,827,24/03/2021,0.7,1.977
WHI6,OConnell River mouth,148.735083,-20.576217,827,25/03/2021,0.65,1.679
WHI6,OConnell River mouth,148.735083,-20.576217,827,26/03/2021,0.654,1.508
WHI6,OConnell River mouth,148.735083,-20.576217,827,27/03/2021,0.819,1.931
WHI6,OConnell River mouth,148.735083,-20.576217,827,28/03/2021,0.911,2.372
WHI6,OConnell River mouth,148.735083,-20.576217,827,29/03/2021,1.048,3.077
WHI6,OConnell River mouth,148.735083,-20.576217,827,30/03/2021,1.295,8.677
WHI6,OConnell River mouth,148.735083,-20.576217,827,31/03/2021,1.622,22.455
WHI6,OConnell River mouth,148.735083,-20.576217,827,1/04/2021,1.753,34.686
WHI6,OConnell River mouth,148.735083,-20.576217,827,2/04/2021,1.582,33
WHI6,OConnell River mouth,148.735083,-20.576217,827,3/04/2021,1.431,28.205
WHI6,OConnell River mouth,148.735083,-20.576217,827,4/04/2021,1.232,12.943
WHI6,OConnell River mouth,148.735083,-20.576217,827,5/04/2021,1.296,8.228
WHI6,OConnell River mouth,148.735083,-20.576217,827,6/04/2021,1.533,4.615
WHI6,OConnell River mouth,148.735083,-20.576217,827,7/04/2021,1.553,3.136
WHI6,OConnell River mouth,148.735083,-20.576217,827,8/04/2021,1.223,2.805
WHI6,OConnell River mouth,148.735083,-20.576217,827,9/04/2021,0.949,2.559
WHI6,OConnell River mouth,148.735083,-20.576217,827,10/04/2021,0.82,1.801
WHI6,OConnell River mouth,148.735083,-20.576217,827,11/04/2021,1.093,1.945
WHI6,OConnell River mouth,148.735083,-20.576217,827,12/04/2021,1.483,5.43
WHI6,OConnell River mouth,148.735083,-20.576217,827,13/04/2021,1.378,4.992
WHI6,OConnell River mouth,148.735083,-20.576217,827,14/04/2021,1.302,9.586
WHI6,OConnell River mouth,148.735083,-20.576217,827,15/04/2021,1.154,6.299
WHI6,OConnell River mouth,148.735083,-20.576217,827,16/04/2021,1.048,3.276
WHI6,OConnell River mouth,148.735083,-20.576217,827,17/04/2021,0.956,2.366
WHI6,OConnell River mouth,148.735083,-20.576217,827,18/04/2021,1.117,4.249
WHI6,OConnell River mouth,148.735083,-20.576217,827,19/04/2021,0.964,2.847
WHI6,OConnell River mouth,148.735083,-20.576217,827,20/04/2021,1.283,3.63
WHI6,OConnell River mouth,148.735083,-20.576217,827,21/04/2021,1.501,3.785
WHI6,OConnell River mouth,148.735083,-20.576217,827,22/04/2021,1.308,2.245
WHI6,OConnell River mouth,148.735083,-20.576217,827,23/04/2021,1.346,4.462
WHI6,OConnell River mouth,148.735083,-20.576217,827,24/04/2021,1.457,9.39
WHI6,OConnell River mouth,148.735083,-20.576217,827,25/04/2021,1.577,10.13
WHI6,OConnell River mouth,148.735083,-20.576217,827,26/04/2021,1.816,12.576
WHI6,OConnell River mouth,148.735083,-20.576217,827,27/04/2021,2.007,10.432
WHI6,OConnell River mouth,148.735083,-20.576217,827,28/04/2021,2.069,11.205
WHI6,OConnell River mouth,148.735083,-20.576217,827,29/04/2021,1.932,7.747
WHI6,OConnell River mouth,148.735083,-20.576217,827,30/04/2021,1.799,8.094
WHI6,OConnell River mouth,148.735083,-20.576217,827,1/05/2021,1.693,8.517
WHI6,OConnell River mouth,148.735083,-20.576217,827,2/05/2021,1.662,8.419
WHI6,OConnell River mouth,148.735083,-20.576217,827,3/05/2021,1.629,8.171
WHI6,OConnell River mouth,148.735083,-20.576217,827,4/05/2021,1.588,6.075
WHI6,OConnell River mouth,148.735083,-20.576217,827,5/05/2021,1.444,3.569
WHI6,OConnell River mouth,148.735083,-20.576217,827,6/05/2021,1.309,2.901
WHI6,OConnell River mouth,148.735083,-20.576217,827,7/05/2021,1.424,3.092
WHI6,OConnell River mouth,148.735083,-20.576217,827,8/05/2021,1.258,2.621
WHI6,OConnell River mouth,148.735083,-20.576217,827,9/05/2021,1.121,2.185
WHI6,OConnell River mouth,148.735083,-20.576217,827,10/05/2021,1.076,2.03
WHI6,OConnell River mouth,148.735083,-20.576217,827,11/05/2021,1.031,1.73
WHI6,OConnell River mouth,148.735083,-20.576217,827,12/05/2021,0.968,1.457
WHI6,OConnell River mouth,148.735083,-20.576217,827,13/05/2021,0.913,1.302
WHI6,OConnell River mouth,148.735083,-20.576217,827,14/05/2021,0.959,1.822
WHI6,OConnell River mouth,148.735083,-20.576217,827,15/05/2021,1.101,1.987
WHI6,OConnell River mouth,148.735083,-20.576217,827,16/05/2021,1.203,2.866
WHI6,OConnell River mouth,148.735083,-20.576217,827,17/05/2021,1.087,3.393
WHI6,OConnell River mouth,148.735083,-20.576217,827,18/05/2021,1.338,5.039
WHI6,OConnell River mouth,148.735083,-20.576217,827,19/05/2021,1.501,9.532
WHI6,OConnell River mouth,148.735083,-20.576217,827,20/05/2021,1.644,13.278
WHI6,OConnell River mouth,148.735083,-20.576217,827,21/05/2021,1.689,14.3
WHI6,OConnell River mouth,148.735083,-20.576217,827,22/05/2021,1.678,13.001
WHI6,OConnell River mouth,148.735083,-20.576217,827,23/05/2021,1.573,8.379
WHI6,OConnell River mouth,148.735083,-20.576217,827,24/05/2021,1.654,10.317
WHI6,OConnell River mouth,148.735083,-20.576217,827,25/05/2021,1.64,7.866
WHI6,OConnell River mouth,148.735083,-20.576217,827,26/05/2021,1.629,6.235
WHI6,OConnell River mouth,148.735083,-20.576217,827,27/05/2021,1.377,3.627
WHI6,OConnell River mouth,148.735083,-20.576217,827,28/05/2021,1.234,3.447
WHI6,OConnell River mouth,148.735083,-20.576217,827,29/05/2021,1.21,4.896
WHI6,OConnell River mouth,148.735083,-20.576217,827,30/05/2021,1.252,6.872
WHI6,OConnell River mouth,148.735083,-20.576217,827,31/05/2021,1.413,7.981
WHI6,OConnell River mouth,148.735083,-20.576217,827,1/06/2021,1.351,5.208
WHI6,OConnell River mouth,148.735083,-20.576217,827,2/06/2021,1.333,3.335
WHI6,OConnell River mouth,148.735083,-20.576217,827,3/06/2021,1.149,2.361
WHI6,OConnell River mouth,148.735083,-20.576217,6703,4/06/2021,0.544,3.884
WHI6,OConnell River mouth,148.735083,-20.576217,827,4/06/2021,1.003,2.385
WHI6,OConnell River mouth,148.735083,-20.576217,6703,5/06/2021,0.544,4.574
WHI6,OConnell River mouth,148.735083,-20.576217,6703,6/06/2021,0.579,4.501
WHI6,OConnell River mouth,148.735083,-20.576217,6703,7/06/2021,0.65,5.773
WHI6,OConnell River mouth,148.735083,-20.576217,6703,8/06/2021,0.624,3.694
WHI6,OConnell River mouth,148.735083,-20.576217,6703,9/06/2021,0.496,2.504
WHI6,OConnell River mouth,148.735083,-20.576217,6703,10/06/2021,0.392,2.231
WHI6,OConnell River mouth,148.735083,-20.576217,6703,11/06/2021,0.364,2.126
WHI6,OConnell River mouth,148.735083,-20.576217,6703,12/06/2021,0.338,2.092
WHI6,OConnell River mouth,148.735083,-20.576217,6703,13/06/2021,0.411,2.056
WHI6,OConnell River mouth,148.735083,-20.576217,6703,14/06/2021,0.407,1.874
WHI6,OConnell River mouth,148.735083,-20.576217,6703,15/06/2021,0.366,1.877
WHI6,OConnell River mouth,148.735083,-20.576217,6703,16/06/2021,0.337,1.737
WHI6,OConnell River mouth,148.735083,-20.576217,6703,17/06/2021,0.33,1.846
WHI6,OConnell River mouth,148.735083,-20.576217,6703,18/06/2021,0.297,1.913
WHI6,OConnell River mouth,148.735083,-20.576217,6703,19/06/2021,0.367,2.408
WHI6,OConnell River mouth,148.735083,-20.576217,6703,20/06/2021,0.33,2.223
WHI6,OConnell River mouth,148.735083,-20.576217,6703,21/06/2021,0.309,1.991
WHI6,OConnell River mouth,148.735083,-20.576217,6703,22/06/2021,0.351,2.498
WHI6,OConnell River mouth,148.735083,-20.576217,6703,23/06/2021,0.384,2.626
WHI6,OConnell River mouth,148.735083,-20.576217,6703,24/06/2021,0.377,2.528
WHI6,OConnell River mouth,148.735083,-20.576217,6703,25/06/2021,0.363,2.249
WHI6,OConnell River mouth,148.735083,-20.576217,6703,26/06/2021,0.361,2.494
WHI6,OConnell River mouth,148.735083,-20.576217,6703,27/06/2021,0.399,3.792
WHI6,OConnell River mouth,148.735083,-20.576217,6703,28/06/2021,0.501,5.933
WHI6,OConnell River mouth,148.735083,-20.576217,6703,29/06/2021,0.626,9.114
WHI6,OConnell River mouth,148.735083,-20.576217,6703,30/06/2021,0.727,9.751
WHI7,Repulse Islands dive mooring,148.86123,-20.57793,837,1/07/2020,0.989,2.272
WHI7,Repulse Islands dive mooring,148.86123,-20.57793,837,2/07/2020,0.958,1.924
WHI7,Repulse Islands dive mooring,148.86123,-20.57793,837,3/07/2020,0.964,2.021
WHI7,Repulse Islands dive mooring,148.86123,-20.57793,837,4/07/2020,1.05,2.424
WHI7,Repulse Islands dive mooring,148.86123,-20.57793,837,5/07/2020,1.112,4.144
WHI7,Repulse Islands dive mooring,148.86123,-20.57793,837,6/07/2020,0.982,3.284
WHI7,Repulse Islands dive mooring,148.86123,-20.57793,837,7/07/2020,0.854,3.37
WHI7,Repulse Islands dive mooring,148.86123,-20.57793,837,8/07/2020,0.735,2.59
WHI7,Repulse Islands dive mooring,148.86123,-20.57793,837,9/07/2020,0.674,3.008
WHI7,Repulse Islands dive mooring,148.86123,-20.57793,837,10/07/2020,0.632,1.422
WHI7,Repulse Islands dive mooring,148.86123,-20.57793,837,11/07/2020,0.652,0.838
WHI7,Repulse Islands dive mooring,148.86123,-20.57793,837,12/07/2020,0.662,0.59
WHI7,Repulse Islands dive mooring,148.86123,-20.57793,837,13/07/2020,0.73,0.583
WHI7,Repulse Islands dive mooring,148.86123,-20.57793,837,14/07/2020,0.745,0.652
WHI7,Repulse Islands dive mooring,148.86123,-20.57793,837,15/07/2020,0.715,0.671
WHI7,Repulse Islands dive mooring,148.86123,-20.57793,837,16/07/2020,0.609,0.702
WHI7,Repulse Islands dive mooring,148.86123,-20.57793,837,17/07/2020,0.553,0.774
WHI7,Repulse Islands dive mooring,148.86123,-20.57793,837,18/07/2020,0.532,0.769
WHI7,Repulse Islands dive mooring,148.86123,-20.57793,837,19/07/2020,0.625,0.993
WHI7,Repulse Islands dive mooring,148.86123,-20.57793,837,20/07/2020,0.756,1.29
WHI7,Repulse Islands dive mooring,148.86123,-20.57793,837,21/07/2020,0.866,2.021
WHI7,Repulse Islands dive mooring,148.86123,-20.57793,837,22/07/2020,1.001,3.272
WHI7,Repulse Islands dive mooring,148.86123,-20.57793,837,23/07/2020,0.903,2.679
WHI7,Repulse Islands dive mooring,148.86123,-20.57793,837,24/07/2020,0.819,1.782
WHI7,Repulse Islands dive mooring,148.86123,-20.57793,837,25/07/2020,0.703,1.238
WHI7,Repulse Islands dive mooring,148.86123,-20.57793,837,26/07/2020,0.65,0.923
WHI7,Repulse Islands dive mooring,148.86123,-20.57793,837,27/07/2020,0.676,0.808
WHI7,Repulse Islands dive mooring,148.86123,-20.57793,837,28/07/2020,0.701,0.853
WHI7,Repulse Islands dive mooring,148.86123,-20.57793,837,29/07/2020,0.682,0.903
WHI7,Repulse Islands dive mooring,148.86123,-20.57793,837,30/07/2020,0.684,1.353
WHI7,Repulse Islands dive mooring,148.86123,-20.57793,837,31/07/2020,0.671,1.953
WHI7,Repulse Islands dive mooring,148.86123,-20.57793,837,1/08/2020,0.752,4.482
WHI7,Repulse Islands dive mooring,148.86123,-20.57793,837,2/08/2020,0.813,6.128
WHI7,Repulse Islands dive mooring,148.86123,-20.57793,837,3/08/2020,0.817,5.125
WHI7,Repulse Islands dive mooring,148.86123,-20.57793,837,4/08/2020,0.763,3.196
WHI7,Repulse Islands dive mooring,148.86123,-20.57793,837,5/08/2020,0.82,2.503
WHI7,Repulse Islands dive mooring,148.86123,-20.57793,837,6/08/2020,0.892,2.372
WHI7,Repulse Islands dive mooring,148.86123,-20.57793,837,7/08/2020,0.93,2.228
WHI7,Repulse Islands dive mooring,148.86123,-20.57793,837,8/08/2020,0.941,1.674
WHI7,Repulse Islands dive mooring,148.86123,-20.57793,837,9/08/2020,0.956,1.273
WHI7,Repulse Islands dive mooring,148.86123,-20.57793,837,10/08/2020,0.939,1.062
WHI7,Repulse Islands dive mooring,148.86123,-20.57793,837,11/08/2020,0.737,0.742
WHI7,Repulse Islands dive mooring,148.86123,-20.57793,837,12/08/2020,0.517,0.625
WHI7,Repulse Islands dive mooring,148.86123,-20.57793,837,13/08/2020,0.413,0.803
WHI7,Repulse Islands dive mooring,148.86123,-20.57793,837,14/08/2020,0.352,0.838
WHI7,Repulse Islands dive mooring,148.86123,-20.57793,837,15/08/2020,0.362,0.838
WHI7,Repulse Islands dive mooring,148.86123,-20.57793,837,16/08/2020,0.386,1.097
WHI7,Repulse Islands dive mooring,148.86123,-20.57793,837,17/08/2020,0.481,1.635
WHI7,Repulse Islands dive mooring,148.86123,-20.57793,837,18/08/2020,0.62,2.734
WHI7,Repulse Islands dive mooring,148.86123,-20.57793,837,19/08/2020,0.717,3.551
WHI7,Repulse Islands dive mooring,148.86123,-20.57793,837,20/08/2020,0.754,3.49
WHI7,Repulse Islands dive mooring,148.86123,-20.57793,837,21/08/2020,0.804,3.604
WHI7,Repulse Islands dive mooring,148.86123,-20.57793,837,22/08/2020,0.789,2.919
WHI7,Repulse Islands dive mooring,148.86123,-20.57793,837,23/08/2020,0.809,3.384
WHI7,Repulse Islands dive mooring,148.86123,-20.57793,837,24/08/2020,0.804,3.244
WHI7,Repulse Islands dive mooring,148.86123,-20.57793,837,25/08/2020,0.767,2.566
WHI7,Repulse Islands dive mooring,148.86123,-20.57793,837,26/08/2020,0.762,3.096
WHI7,Repulse Islands dive mooring,148.86123,-20.57793,837,27/08/2020,0.704,3.769
WHI7,Repulse Islands dive mooring,148.86123,-20.57793,837,28/08/2020,0.713,5.498
WHI7,Repulse Islands dive mooring,148.86123,-20.57793,837,29/08/2020,0.919,7.546
WHI7,Repulse Islands dive mooring,148.86123,-20.57793,837,30/08/2020,1.034,7.709
WHI7,Repulse Islands dive mooring,148.86123,-20.57793,837,31/08/2020,0.954,5.415
WHI7,Repulse Islands dive mooring,148.86123,-20.57793,837,1/09/2020,0.919,4.385
WHI7,Repulse Islands dive mooring,148.86123,-20.57793,837,2/09/2020,0.937,5.795
WHI7,Repulse Islands dive mooring,148.86123,-20.57793,837,3/09/2020,0.893,5.248
WHI7,Repulse Islands dive mooring,148.86123,-20.57793,837,4/09/2020,0.882,4.945
WHI7,Repulse Islands dive mooring,148.86123,-20.57793,837,5/09/2020,0.841,3.814
WHI7,Repulse Islands dive mooring,148.86123,-20.57793,837,6/09/2020,0.842,3.477
WHI7,Repulse Islands dive mooring,148.86123,-20.57793,837,7/09/2020,0.859,3.507
WHI7,Repulse Islands dive mooring,148.86123,-20.57793,837,8/09/2020,0.894,5.331
WHI7,Repulse Islands dive mooring,148.86123,-20.57793,837,9/09/2020,0.683,4.069
WHI7,Repulse Islands dive mooring,148.86123,-20.57793,837,10/09/2020,0.759,2.453
WHI7,Repulse Islands dive mooring,148.86123,-20.57793,837,11/09/2020,0.907,2.244
WHI7,Repulse Islands dive mooring,148.86123,-20.57793,837,12/09/2020,0.866,4.13
WHI7,Repulse Islands dive mooring,148.86123,-20.57793,837,13/09/2020,0.828,3.845
WHI7,Repulse Islands dive mooring,148.86123,-20.57793,837,14/09/2020,0.75,3.794
WHI7,Repulse Islands dive mooring,148.86123,-20.57793,837,15/09/2020,0.831,5.161
WHI7,Repulse Islands dive mooring,148.86123,-20.57793,837,16/09/2020,0.919,5.946
WHI7,Repulse Islands dive mooring,148.86123,-20.57793,837,17/09/2020,0.924,4.284
WHI7,Repulse Islands dive mooring,148.86123,-20.57793,837,18/09/2020,0.862,4.649
WHI7,Repulse Islands dive mooring,148.86123,-20.57793,837,19/09/2020,0.837,4.4
WHI7,Repulse Islands dive mooring,148.86123,-20.57793,837,20/09/2020,0.784,3.484
WHI7,Repulse Islands dive mooring,148.86123,-20.57793,837,21/09/2020,0.86,2.605
WHI7,Repulse Islands dive mooring,148.86123,-20.57793,837,22/09/2020,0.983,2.107
WHI7,Repulse Islands dive mooring,148.86123,-20.57793,837,23/09/2020,1.043,1.565
WHI7,Repulse Islands dive mooring,148.86123,-20.57793,837,24/09/2020,1.057,1.182
WHI7,Repulse Islands dive mooring,148.86123,-20.57793,837,25/09/2020,1.112,1.132
WHI7,Repulse Islands dive mooring,148.86123,-20.57793,837,26/09/2020,1.088,1.657
WHI7,Repulse Islands dive mooring,148.86123,-20.57793,837,27/09/2020,1.028,2.319
WHI7,Repulse Islands dive mooring,148.86123,-20.57793,837,28/09/2020,0.907,3.345
WHI7,Repulse Islands dive mooring,148.86123,-20.57793,837,29/09/2020,0.8,3.537
WHI7,Repulse Islands dive mooring,148.86123,-20.57793,837,30/09/2020,0.832,3.676
WHI7,Repulse Islands dive mooring,148.86123,-20.57793,837,1/10/2020,0.837,2.566
WHI7,Repulse Islands dive mooring,148.86123,-20.57793,837,2/10/2020,0.903,3.451
WHI7,Repulse Islands dive mooring,148.86123,-20.57793,837,3/10/2020,0.971,4.787
WHI7,Repulse Islands dive mooring,148.86123,-20.57793,837,4/10/2020,0.915,4.539
WHI7,Repulse Islands dive mooring,148.86123,-20.57793,837,5/10/2020,0.804,3.05
WHI7,Repulse Islands dive mooring,148.86123,-20.57793,837,6/10/2020,0.762,2.07
WHI7,Repulse Islands dive mooring,148.86123,-20.57793,837,7/10/2020,0.778,1.386
WHI7,Repulse Islands dive mooring,148.86123,-20.57793,825,8/10/2020,0.837,1.891
WHI7,Repulse Islands dive mooring,148.86123,-20.57793,837,8/10/2020,0.742,1.389
WHI7,Repulse Islands dive mooring,148.86123,-20.57793,825,9/10/2020,0.705,1.583
WHI7,Repulse Islands dive mooring,148.86123,-20.57793,825,10/10/2020,0.724,1.83
WHI7,Repulse Islands dive mooring,148.86123,-20.57793,825,11/10/2020,0.728,1.961
WHI7,Repulse Islands dive mooring,148.86123,-20.57793,825,12/10/2020,0.73,3.003
WHI7,Repulse Islands dive mooring,148.86123,-20.57793,825,13/10/2020,0.741,4.617
WHI7,Repulse Islands dive mooring,148.86123,-20.57793,825,14/10/2020,0.799,6.193
WHI7,Repulse Islands dive mooring,148.86123,-20.57793,825,15/10/2020,0.951,12.464
WHI7,Repulse Islands dive mooring,148.86123,-20.57793,825,16/10/2020,0.865,12.129
WHI7,Repulse Islands dive mooring,148.86123,-20.57793,825,17/10/2020,0.789,12.072
WHI7,Repulse Islands dive mooring,148.86123,-20.57793,825,18/10/2020,0.724,9.25
WHI7,Repulse Islands dive mooring,148.86123,-20.57793,825,19/10/2020,0.729,8.525
WHI7,Repulse Islands dive mooring,148.86123,-20.57793,825,20/10/2020,0.75,6.778
WHI7,Repulse Islands dive mooring,148.86123,-20.57793,825,21/10/2020,0.787,5.644
WHI7,Repulse Islands dive mooring,148.86123,-20.57793,825,22/10/2020,0.877,3.812
WHI7,Repulse Islands dive mooring,148.86123,-20.57793,825,23/10/2020,0.889,2.794
WHI7,Repulse Islands dive mooring,148.86123,-20.57793,825,24/10/2020,0.785,2.791
WHI7,Repulse Islands dive mooring,148.86123,-20.57793,825,25/10/2020,0.733,3.251
WHI7,Repulse Islands dive mooring,148.86123,-20.57793,825,26/10/2020,0.74,3.83
WHI7,Repulse Islands dive mooring,148.86123,-20.57793,825,27/10/2020,0.762,3.636
WHI7,Repulse Islands dive mooring,148.86123,-20.57793,825,28/10/2020,0.807,5.477
WHI7,Repulse Islands dive mooring,148.86123,-20.57793,825,29/10/2020,0.756,5.019
WHI7,Repulse Islands dive mooring,148.86123,-20.57793,825,30/10/2020,0.738,5.332
WHI7,Repulse Islands dive mooring,148.86123,-20.57793,825,31/10/2020,0.721,5.267
WHI7,Repulse Islands dive mooring,148.86123,-20.57793,825,1/11/2020,0.744,4.978
WHI7,Repulse Islands dive mooring,148.86123,-20.57793,825,2/11/2020,0.77,5.031
WHI7,Repulse Islands dive mooring,148.86123,-20.57793,825,3/11/2020,0.845,9.362
WHI7,Repulse Islands dive mooring,148.86123,-20.57793,825,4/11/2020,0.664,5.345
WHI7,Repulse Islands dive mooring,148.86123,-20.57793,825,5/11/2020,0.601,2.869
WHI7,Repulse Islands dive mooring,148.86123,-20.57793,825,6/11/2020,0.563,2.217
WHI7,Repulse Islands dive mooring,148.86123,-20.57793,825,7/11/2020,0.463,1.966
WHI7,Repulse Islands dive mooring,148.86123,-20.57793,825,8/11/2020,0.57,6.4
WHI7,Repulse Islands dive mooring,148.86123,-20.57793,825,9/11/2020,0.642,5.699
WHI7,Repulse Islands dive mooring,148.86123,-20.57793,825,10/11/2020,0.784,9.142
WHI7,Repulse Islands dive mooring,148.86123,-20.57793,825,11/11/2020,0.925,9.331
WHI7,Repulse Islands dive mooring,148.86123,-20.57793,825,12/11/2020,0.924,8.731
WHI7,Repulse Islands dive mooring,148.86123,-20.57793,825,13/11/2020,0.833,9.297
WHI7,Repulse Islands dive mooring,148.86123,-20.57793,825,14/11/2020,0.797,9.576
WHI7,Repulse Islands dive mooring,148.86123,-20.57793,825,15/11/2020,0.813,11.678
WHI7,Repulse Islands dive mooring,148.86123,-20.57793,825,16/11/2020,0.85,11.698
WHI7,Repulse Islands dive mooring,148.86123,-20.57793,825,17/11/2020,0.841,9.609
WHI7,Repulse Islands dive mooring,148.86123,-20.57793,825,18/11/2020,0.908,10.97
WHI7,Repulse Islands dive mooring,148.86123,-20.57793,825,19/11/2020,0.859,8.371
WHI7,Repulse Islands dive mooring,148.86123,-20.57793,825,20/11/2020,0.711,6.592
WHI7,Repulse Islands dive mooring,148.86123,-20.57793,825,21/11/2020,0.542,3.934
WHI7,Repulse Islands dive mooring,148.86123,-20.57793,825,22/11/2020,0.539,3.395
WHI7,Repulse Islands dive mooring,148.86123,-20.57793,825,23/11/2020,0.473,3.125
WHI7,Repulse Islands dive mooring,148.86123,-20.57793,825,24/11/2020,0.496,2.574
WHI7,Repulse Islands dive mooring,148.86123,-20.57793,825,25/11/2020,0.572,2.484
WHI7,Repulse Islands dive mooring,148.86123,-20.57793,825,26/11/2020,0.685,3.167
WHI7,Repulse Islands dive mooring,148.86123,-20.57793,825,27/11/2020,0.67,3.774
WHI7,Repulse Islands dive mooring,148.86123,-20.57793,825,28/11/2020,0.622,5.503
WHI7,Repulse Islands dive mooring,148.86123,-20.57793,825,29/11/2020,0.579,3.9
WHI7,Repulse Islands dive mooring,148.86123,-20.57793,825,30/11/2020,0.592,3.088
WHI7,Repulse Islands dive mooring,148.86123,-20.57793,825,1/12/2020,0.656,2.795
WHI7,Repulse Islands dive mooring,148.86123,-20.57793,825,2/12/2020,0.678,3.058
WHI7,Repulse Islands dive mooring,148.86123,-20.57793,825,3/12/2020,0.609,2.996
WHI7,Repulse Islands dive mooring,148.86123,-20.57793,825,4/12/2020,0.478,2.146
WHI7,Repulse Islands dive mooring,148.86123,-20.57793,825,5/12/2020,0.358,1.186
WHI7,Repulse Islands dive mooring,148.86123,-20.57793,825,6/12/2020,0.284,0.99
WHI7,Repulse Islands dive mooring,148.86123,-20.57793,825,7/12/2020,0.302,1.234
WHI7,Repulse Islands dive mooring,148.86123,-20.57793,825,8/12/2020,0.338,1.474
WHI7,Repulse Islands dive mooring,148.86123,-20.57793,825,9/12/2020,0.378,2.231
WHI7,Repulse Islands dive mooring,148.86123,-20.57793,825,10/12/2020,0.384,2.388
WHI7,Repulse Islands dive mooring,148.86123,-20.57793,825,11/12/2020,0.463,4.121
WHI7,Repulse Islands dive mooring,148.86123,-20.57793,825,12/12/2020,0.625,7.801
WHI7,Repulse Islands dive mooring,148.86123,-20.57793,825,13/12/2020,0.719,13.335
WHI7,Repulse Islands dive mooring,148.86123,-20.57793,825,14/12/2020,0.702,13.255
WHI7,Repulse Islands dive mooring,148.86123,-20.57793,825,15/12/2020,0.624,5.571
WHI7,Repulse Islands dive mooring,148.86123,-20.57793,825,16/12/2020,0.697,5.932
WHI7,Repulse Islands dive mooring,148.86123,-20.57793,825,17/12/2020,0.748,5.504
WHI7,Repulse Islands dive mooring,148.86123,-20.57793,825,18/12/2020,0.824,3.942
WHI7,Repulse Islands dive mooring,148.86123,-20.57793,825,19/12/2020,0.869,3.641
WHI7,Repulse Islands dive mooring,148.86123,-20.57793,825,20/12/2020,0.768,2.467
WHI7,Repulse Islands dive mooring,148.86123,-20.57793,825,21/12/2020,0.523,1.952
WHI7,Repulse Islands dive mooring,148.86123,-20.57793,825,22/12/2020,0.358,1.384
WHI7,Repulse Islands dive mooring,148.86123,-20.57793,825,23/12/2020,0.319,1.381
WHI7,Repulse Islands dive mooring,148.86123,-20.57793,825,24/12/2020,0.387,1.59
WHI7,Repulse Islands dive mooring,148.86123,-20.57793,825,25/12/2020,0.514,5.217
WHI7,Repulse Islands dive mooring,148.86123,-20.57793,825,26/12/2020,0.598,7.573
WHI7,Repulse Islands dive mooring,148.86123,-20.57793,825,27/12/2020,0.663,6.645
WHI7,Repulse Islands dive mooring,148.86123,-20.57793,825,28/12/2020,0.714,4.821
WHI7,Repulse Islands dive mooring,148.86123,-20.57793,825,29/12/2020,0.634,4.012
WHI7,Repulse Islands dive mooring,148.86123,-20.57793,825,30/12/2020,0.6,4.285
WHI7,Repulse Islands dive mooring,148.86123,-20.57793,825,31/12/2020,0.641,6.018
WHI7,Repulse Islands dive mooring,148.86123,-20.57793,825,1/01/2021,0.588,6.22
WHI7,Repulse Islands dive mooring,148.86123,-20.57793,825,2/01/2021,0.576,5.849
WHI7,Repulse Islands dive mooring,148.86123,-20.57793,825,3/01/2021,0.635,2.852
WHI7,Repulse Islands dive mooring,148.86123,-20.57793,825,4/01/2021,0.656,2.679
WHI7,Repulse Islands dive mooring,148.86123,-20.57793,825,5/01/2021,0.68,1.858
WHI7,Repulse Islands dive mooring,148.86123,-20.57793,825,6/01/2021,0.727,1.81
WHI7,Repulse Islands dive mooring,148.86123,-20.57793,825,7/01/2021,0.748,2.115
WHI7,Repulse Islands dive mooring,148.86123,-20.57793,825,8/01/2021,0.771,2.067
WHI7,Repulse Islands dive mooring,148.86123,-20.57793,825,9/01/2021,0.957,7.866
WHI7,Repulse Islands dive mooring,148.86123,-20.57793,825,10/01/2021,0.952,11.39
WHI7,Repulse Islands dive mooring,148.86123,-20.57793,825,11/01/2021,1.264,10.099
WHI7,Repulse Islands dive mooring,148.86123,-20.57793,825,12/01/2021,1.268,7.724
WHI7,Repulse Islands dive mooring,148.86123,-20.57793,825,13/01/2021,1.106,7.473
WHI7,Repulse Islands dive mooring,148.86123,-20.57793,825,14/01/2021,1.359,5.638
WHI7,Repulse Islands dive mooring,148.86123,-20.57793,825,15/01/2021,1.39,3.476
WHI7,Repulse Islands dive mooring,148.86123,-20.57793,825,16/01/2021,1.034,3.133
WHI7,Repulse Islands dive mooring,148.86123,-20.57793,825,17/01/2021,0.897,3.128
WHI7,Repulse Islands dive mooring,148.86123,-20.57793,825,18/01/2021,1.094,1.978
WHI7,Repulse Islands dive mooring,148.86123,-20.57793,825,19/01/2021,0.956,1.742
WHI7,Repulse Islands dive mooring,148.86123,-20.57793,825,20/01/2021,0.891,2.176
WHI7,Repulse Islands dive mooring,148.86123,-20.57793,825,21/01/2021,0.983,2.035
WHI7,Repulse Islands dive mooring,148.86123,-20.57793,825,22/01/2021,0.687,1.395
WHI7,Repulse Islands dive mooring,148.86123,-20.57793,825,23/01/2021,0.746,1.778
WHI7,Repulse Islands dive mooring,148.86123,-20.57793,825,24/01/2021,0.609,1.757
WHI7,Repulse Islands dive mooring,148.86123,-20.57793,825,25/01/2021,0.543,1.542
WHI7,Repulse Islands dive mooring,148.86123,-20.57793,825,26/01/2021,0.625,2.036
WHI7,Repulse Islands dive mooring,148.86123,-20.57793,825,27/01/2021,0.648,1.733
WHI7,Repulse Islands dive mooring,148.86123,-20.57793,825,28/01/2021,0.791,2.212
WHI7,Repulse Islands dive mooring,148.86123,-20.57793,825,29/01/2021,1.024,3.991
WHI7,Repulse Islands dive mooring,148.86123,-20.57793,825,30/01/2021,0.968,2.787
WHI7,Repulse Islands dive mooring,148.86123,-20.57793,825,31/01/2021,0.784,3.062
WHI7,Repulse Islands dive mooring,148.86123,-20.57793,825,1/02/2021,0.704,2.612
WHI7,Repulse Islands dive mooring,148.86123,-20.57793,825,2/02/2021,0.583,1.52
WHI7,Repulse Islands dive mooring,148.86123,-20.57793,825,3/02/2021,0.638,1.523
WHI7,Repulse Islands dive mooring,148.86123,-20.57793,825,4/02/2021,0.773,1.507
WHI7,Repulse Islands dive mooring,148.86123,-20.57793,825,5/02/2021,0.552,1.172
WHI7,Repulse Islands dive mooring,148.86123,-20.57793,825,6/02/2021,0.642,1.284
WHI7,Repulse Islands dive mooring,148.86123,-20.57793,825,7/02/2021,0.727,2.052
